,location,latitude,longitude
A.O. Annunziata - Cosenza (CS),"(39.2926619, 16.2545487)",39.2926619,16.2545487
A.O. Businco - Cagliari (CA),"(39.2486405, 9.108540099999999)",39.2486405,9.108540099999999
A.O. Cannizzaro - Catania (CT),"(37.541998, 15.1195457)",37.541998,15.1195457
A.O. Cardarelli - Napoli (NA),"(40.8648326, 14.2260183)",40.8648326,14.2260183
A.O. Cervello - Palermo (PA),"(38.1584655, 13.3249581)",38.1584655,13.3249581
A.O. Dei Bambini - Palermo (PA),"(38.1094696, 13.3550001)",38.1094696,13.3550001
A.O. Dei Colli - CTO - Napoli (NA),"(40.8648326, 14.2260183)",40.8648326,14.2260183
A.O. Dei Colli - Monaldi - Napoli (NA),"(40.8648326, 14.2260183)",40.8648326,14.2260183
A.O. Di Padova - Padova (PD),"(45.4031558, 11.8888609)",45.4031558,11.8888609
A.O. Di Perugia - Perugia (PG),"(43.0809632, 12.3550614)",43.0809632,12.3550614
A.O. Di Reggio Emilia - Reggio Nell'emilia (RE),"(44.683633, 10.6317267)",44.683633,10.6317267
A.O. E. Morelli - Reggio Di Calabria (RC),"(38.1039058, 15.6625036)",38.1039058,15.6625036
A.O. G. Rummo - Benevento (BN),"(41.1259367, 14.7986709)",41.1259367,14.7986709
A.O. G. Salesi - Ancona (AN),"(43.6168881, 13.5319162)",43.6168881,13.5319162
A.O. G.M. Lancisi - Ancona (AN),"(43.6019431, 13.4547895)",43.6019431,13.4547895
A.O. Garibaldi - Catania (CT),"(37.5117456, 15.0784857)",37.5117456,15.0784857
A.O. Infantile C. Arrigo - Alessandria (AL),"(44.9155986, 8.625466500000002)",44.9155986,8.625466500000002
A.O. Mater Domini - Catanzaro (CZ),"(38.8601233, 16.5685893)",38.8601233,16.5685893
A.O. Mauriziano - Torino (TO),"(45.0504965, 7.665808299999998)",45.0504965,7.665808299999998
A.O. Moscati - Avellino (AV),"(40.914388, 14.7906121)",40.914388,14.7906121
A.O. Nuovo Ospedale Garibaldi - Catania (CT),"(37.5117456, 15.0784857)",37.5117456,15.0784857
A.O. Ospedale Civico - Palermo (PA),"(38.1048151, 13.3576719)",38.1048151,13.3576719
A.O. Papardo - Messina (ME),"(38.2557586, 15.606048)",38.2557586,15.606048
A.O. Piemonte - Messina (ME),"(38.1784329, 15.5515819)",38.1784329,15.5515819
A.O. Pugliese - Catanzaro (CZ),"(38.91512, 16.58868)",38.91512,16.58868
A.O. Riuniti - Reggio Di Calabria (RC),"(38.1125099, 15.655278)",38.1125099,15.655278
A.O. S. Anna E S. Sebastiano - Caserta (CE),"(41.0861629, 14.331885)",41.0861629,14.331885
A.O. S. Barbara - Cosenza (CS),"(39.2926619, 16.2545487)",39.2926619,16.2545487
A.O. S. Camillo-Forlanini - Roma (RM),"(41.8703564, 12.4555119)",41.8703564,12.4555119
A.O. S. Carlo - Potenza (PZ),"(40.6517288, 15.8073379)",40.6517288,15.8073379
A.O. S. Croce - Fano (PU),"(43.8384904, 13.0203693)",43.8384904,13.0203693
A.O. S. Croce E Carle - Cuneo (CN),"(44.3857144, 7.5361479)",44.3857144,7.5361479
A.O. S. Francesco Di Paola - Pescopagano (PZ),"(40.8340602, 15.3930406)",40.8340602,15.3930406
A.O. S. Giovanni-Addolorata - Roma (RM),"(41.8859474, 12.5021776)",41.8859474,12.5021776
A.O. S. Maria - Terni (TR),"(42.5560728, 12.6547986)",42.5560728,12.6547986
A.O. S. Michele - Cagliari (CA),"(39.2486405, 9.108540099999999)",39.2486405,9.108540099999999
A.O. S. Salvatore - Pesaro (PU),"(43.908646, 12.9055547)",43.908646,12.9055547
A.O. SS. Antonio E Biagio - Alessandria (AL),"(44.9152943, 8.6212533)",44.9152943,8.6212533
A.O. Santobono - Napoli (NA),"(40.84899, 14.231)",40.84899,14.231
A.O. Umberto I - Ancona (AN),"(43.6019431, 13.4547895)",43.6019431,13.4547895
A.O. Villa Sofia - Palermo (PA),"(38.1584655, 13.3249581)",38.1584655,13.3249581
A.O.SSN Cliniche Di S. Pietro - Sassari (SS),"(40.72558410000001, 8.5560653)",40.72558410000001,8.5560653
A.O.SSN Consorziale Policlinico - Bari (BA),"(41.1122133, 16.8626343)",41.1122133,16.8626343
A.O.SSN Federico II - Napoli (NA),"(40.8648326, 14.2260183)",40.8648326,14.2260183
A.O.SSN G. Martino - Messina (ME),"(38.1443577, 15.5282634)",38.1443577,15.5282634
A.O.SSN G. Rodolico - Catania (CT),"(37.5292221, 15.0694568)",37.5292221,15.0694568
A.O.SSN Giaccone - Palermo (PA),"(38.1019729, 13.3610301)",38.1019729,13.3610301
A.O.SSN Giovannni XXIII - Bari (BA),"(41.1000706, 16.8887571)",41.1000706,16.8887571
A.O.SSN Monserrato - Cagliari (CA),"(39.2486405, 9.108540099999999)",39.2486405,9.108540099999999
A.O.SSN Policlinico - Napoli (NA),"(40.8507052, 14.2514727)",40.8507052,14.2514727
A.O.SSN Policlinico Umberto I - Roma (RM),"(41.9822449, 12.4704646)",41.9822449,12.4704646
A.O.SSN S. Bambino - Catania (CT),"(37.5061503, 15.0809507)",37.5061503,15.0809507
A.O.SSN S. Giovanni Di Dio - Cagliari (CA),"(39.2486405, 9.108540099999999)",39.2486405,9.108540099999999
A.O.SSN SS. Annunziata - Sassari (SS),"(40.72558410000001, 8.5560653)",40.72558410000001,8.5560653
A.O.SSN Vittorio Emanuele - Catania (CT),"(37.5039957, 15.076778)",37.5039957,15.076778
A.O.U.U. Careggi - Firenze (FI),"(43.80556869999999, 11.2446808)",43.80556869999999,11.2446808
A.O.U.U. Centro Traumatologico Ortopedico - Torino (TO),"(45.033137, 7.6743482)",45.033137,7.6743482
A.O.U.U. Della Carità - Novara (NO),"(45.4433, 8.62284)",45.4433,8.62284
A.O.U.U. Di Bologna - Bologna (BO),"(44.4928647, 11.3603124)",44.4928647,11.3603124
A.O.U.U. Di Ferrara - Ferrara (FE),"(44.8009751, 11.6938815)",44.8009751,11.6938815
A.O.U.U. Di Foggia - Foggia (FG),"(41.4591581, 15.5308299)",41.4591581,15.5308299
A.O.U.U. Di Modena - Modena (MO),"(44.6354322, 10.942467)",44.6354322,10.942467
A.O.U.U. Di Parma - Parma (PR),"(44.8021952, 10.3096379)",44.8021952,10.3096379
A.O.U.U. G. Da Procida - Salerno (SA),"(40.6889035, 14.7711361)",40.6889035,14.7711361
A.O.U.U. G. Fucito - Mercato San Severino (SA),"(40.7755816, 14.7459055)",40.7755816,14.7459055
A.O.U.U. Infantile Regina Margherita - Torino (TO),"(45.03449759999999, 7.6747722)",45.03449759999999,7.6747722
A.O.U.U. Meyer - Firenze (FI),"(43.8106436, 11.251758)",43.8106436,11.251758
A.O.U.U. Ospedale Civile Maggiore - Verona (VR),"(45.4537658, 10.9822531)",45.4537658,10.9822531
A.O.U.U. Ostetrico Ginecologico S. Anna - Torino (TO),"(45.0357996, 7.6738382)",45.0357996,7.6738382
A.O.U.U. Pisana - Pisa (PI),"(43.7215098, 10.3952382)",43.7215098,10.3952382
A.O.U.U. Policlinico - Verona (VR),"(45.4537658, 10.9822531)",45.4537658,10.9822531
A.O.U.U. S. Andrea - Roma (RM),"(41.9822449, 12.4704646)",41.9822449,12.4704646
A.O.U.U. S. Giovanni Battista Molinette - Torino (TO),"(45.0434342, 7.6690741)",45.0434342,7.6690741
A.O.U.U. S. Giovanni Di Dio E Ruggi - Salerno (SA),"(40.6494149, 14.8318387)",40.6494149,14.8318387
A.O.U.U. S. Lazzaro - Torino (TO),"(45.0375477, 7.6723221)",45.0375477,7.6723221
A.O.U.U. S. Luigi - Orbassano (TO),"(45.0279398, 7.5593964)",45.0279398,7.5593964
A.O.U.U. S.M. Dellolmo - Cava De' Tirreni (SA),"(40.6848848, 14.7221787)",40.6848848,14.7221787
A.O.U.U. Senese - Siena (SI),"(43.3362556, 11.3254865)",43.3362556,11.3254865
A.O.U.U. Tor Vergata - Roma (RM),"(41.9822449, 12.4704646)",41.9822449,12.4704646
CC Ars Medica Spa - Roma (RM),"(41.9479236, 12.4677413)",41.9479236,12.4677413
CC Assunzione Di Maria SS - Roma (RM),"(41.918111, 12.513868)",41.918111,12.513868
CC Diaz S.r.l - Padova (PD),"(45.3946483, 11.8707794)",45.3946483,11.8707794
CC Fornaca Disessant - Torino (TO),"(45.065375, 7.669891499999999)",45.065375,7.669891499999999
CC La Madonnina - Milano (MI),"(45.4542407, 9.1948124)",45.4542407,9.1948124
CC La Quiete - Varese (VA),"(45.8201737, 8.8150541)",45.8201737,8.8150541
CC Madonna Della Fiducia - Roma (RM),"(41.8731337, 12.5167331)",41.8731337,12.5167331
CC Madre Fortunata - Bologna (BO),"(44.467786, 11.3711734)",44.467786,11.3711734
CC Mater Dei - Roma (RM),"(41.9240813, 12.4877515)",41.9240813,12.4877515
CC Nostra Signora Della Mercede - Roma (RM),"(41.9196604, 12.5020656)",41.9196604,12.5020656
CC Paideia - Roma (RM),"(41.9391378, 12.4766643)",41.9391378,12.4766643
CC Parioli Srl - Roma (RM),"(41.9232069, 12.488065)",41.9232069,12.488065
CC Pinna Pintor Srl - Torino (TO),"(45.0575027, 7.658602600000001)",45.0575027,7.658602600000001
CC Pio XI - Roma (RM),"(41.8955066, 12.4201926)",41.8955066,12.4201926
CC Quisisana - Roma (RM),"(41.9286565, 12.489101)",41.9286565,12.489101
CC S. Camillo - Milano (MI),"(45.4818129, 9.204454199999999)",45.4818129,9.204454199999999
CC S. Maria - Bolzano (BZ),"(46.5017189, 11.3516715)",46.5017189,11.3516715
CC S. Rossore S.r.l. - Pisa (PI),"(43.7233663, 10.3753625)",43.7233663,10.3753625
CC Salvator Mundi - Roma (RM),"(41.8832201, 12.462403)",41.8832201,12.462403
CC Sanatrix - Roma (RM),"(41.9304216, 12.5136554)",41.9304216,12.5136554
CC Santo Volto - Roma (RM),"(41.883068, 12.4823028)",41.883068,12.4823028
CC Valle Giulia Spa - Roma (RM),"(41.920016, 12.479991)",41.920016,12.479991
CC Villa Benedetta - Roma (RM),"(41.9005551, 12.425543)",41.9005551,12.425543
CC Villa Del Rosario - Roma (RM),"(41.9401808, 12.4697663)",41.9401808,12.4697663
CC Villa Donatello Spa - Firenze (FI),"(43.7786626, 11.267812)",43.7786626,11.267812
CC Villa Luisa - Roma (RM),"(41.8996916, 12.4441753)",41.8996916,12.4441753
CC Villa Mafalda - Roma (RM),"(41.9326455, 12.5103099)",41.9326455,12.5103099
CC Villa Margherita - Roma (RM),"(41.9153894, 12.5177706)",41.9153894,12.5177706
CC Villa S. Maria Di Leuca - Roma (RM),"(42.0034465, 12.4989371)",42.0034465,12.4989371
CC Villa Salaria S.r.l. - Roma (RM),"(41.9515869, 12.5164039)",41.9515869,12.5164039
CC Villalba Hospital - Bologna (BO),"(44.4685613, 11.3364562)",44.4685613,11.3364562
CCA  Nigrisoli - Bologna (BO),"(44.4923331, 11.3571006)",44.4923331,11.3571006
CCA  Villa Chiar - Casalecchio Di Reno (BO),"(44.4826973, 11.286195)",44.4826973,11.286195
CCA  Villa Laura - Bologna (BO),"(44.4962318, 11.3578955)",44.4962318,11.3578955
CCA  Villa Regin - Bologna (BO),"(44.4962318, 11.3578955)",44.4962318,11.3578955
CCA  Villa Torri - Bologna (BO),"(44.4962318, 11.3578955)",44.4962318,11.3578955
CCA A. Grimaldi - San Giorgio A Cremano (NA),"(40.83134010000001, 14.3318978)",40.83134010000001,14.3318978
CCA Alma Mater - La Spezia (SP),"(44.1192304, 9.8416604)",44.1192304,9.8416604
CCA Ambrosiana - Cesano Boscone (MI),"(45.4495595, 9.0935411)",45.4495595,9.0935411
CCA Anthea - Bari (BA),"(41.1041441, 16.8571565)",41.1041441,16.8571565
CCA Aurelia Hospital - Roma (RM),"(41.8858703, 12.4001243)",41.8858703,12.4001243
CCA Beato L. Talamoni - Lecco (LC),"(45.8563097, 9.3913088)",45.8563097,9.3913088
CCA Bernardini - Taranto (TA),"(40.4403281, 17.2616363)",40.4403281,17.2616363
CCA Candela Spa - Palermo (PA),"(38.122792, 13.3549835)",38.122792,13.3549835
CCA Cappellani Giomi S.p.a. - Messina (ME),"(38.2142567, 15.5614064)",38.2142567,15.5614064
CCA Cardiomed S.p.a. - Ottaviano (NA),"(40.8484723, 14.4711429)",40.8484723,14.4711429
CCA Carmona Srl - Messina (ME),"(38.1931744, 15.5482903)",38.1931744,15.5482903
CCA Casa Del Sole Clinica Tommaso Costa - Formia (LT),"(41.2529176, 13.5891974)",41.2529176,13.5891974
CCA Casa Di Salute S. Lucia Srl - San Giuseppe Vesuviano (NA),"(40.8329122, 14.5000606)",40.8329122,14.5000606
CCA Casa Divina Provvidenza - Bisceglie - Bisceglie (BT),"(41.24219, 16.4975099)",41.24219,16.4975099
CCA Cascini Srl - Belvedere Marittimo (CS),"(39.6190214, 15.8621796)",39.6190214,15.8621796
CCA Case Cura Riunite Villa Serena-s. France - Foggia (FG),"(41.4498442, 15.5573453)",41.4498442,15.5573453
CCA Cellini - Torino (TO),"(45.0445102, 7.6703712)",45.0445102,7.6703712
CCA Centro Catanese - Catania (CT),"(37.5370526, 15.1206421)",37.5370526,15.1206421
CCA Centro Chirurgico Toscano Srl - Arezzo (AR),"(43.4800874, 11.8801722)",43.4800874,11.8801722
CCA Centro Medico Di Riabilitazione (c.m.r.) - Ginosa (TA),"(40.58283309999999, 16.761216)",40.58283309999999,16.761216
CCA Centro Medico Richiedei-palazzolo S,"(45.5999759, 9.8873626)",45.5999759,9.8873626
CCA Città Di Bra - Bra (CN),"(44.6962828, 7.8587049)",44.6962828,7.8587049
CCA Città Di Lecce - Lecce (LE),"(40.340775, 18.129113)",40.340775,18.129113
CCA Città Di Parma - Parma (PR),"(44.784946, 10.338705)",44.784946,10.338705
CCA Città Di Udine - Udine (UD),"(46.0521295, 13.2103873)",46.0521295,13.2103873
CCA Città` Di Aprilia - Aprilia (LT),"(41.5882563, 12.647706)",41.5882563,12.647706
CCA Città` Di Roma - Roma (RM),"(41.87447, 12.45621)",41.87447,12.45621
CCA Clinic Center S.p.a. - Napoli (NA),"(40.8369458, 14.1873298)",40.8369458,14.1873298
CCA Clinica Castelli - Bergamo (BG),"(45.6958489, 9.658241)",45.6958489,9.658241
CCA Clinica Del Mediterraneo - Ragusa (RG),"(36.9195105, 14.7042464)",36.9195105,14.7042464
CCA Clinica Mediterranea S.p.a. - Napoli (NA),"(40.8369458, 14.1873298)",40.8369458,14.1873298
CCA Clinica Padre Pio S.r.l. - Mondragone (CE),"(41.1369616, 13.865701)",41.1369616,13.865701
CCA Clinica S. Carlo  - Paderno Dugnano (MI),"(45.57257269999999, 9.1560317)",45.57257269999999,9.1560317
CCA Clinica S. Michele - Maddaloni (CE),"(41.03978, 14.37508)",41.03978,14.37508
CCA Clinica S. Patrizia - Napoli (NA),"(40.9003419, 14.2544472)",40.9003419,14.2544472
CCA Clinica S.atrix Spa - Napoli (NA),"(40.9003419, 14.2544472)",40.9003419,14.2544472
CCA Clinica S.t`anna - Caserta (CE),"(41.0697904, 14.3374434)",41.0697904,14.3374434
CCA Clinica Vesuvio S.r.l. - Napoli (NA),"(40.8498239, 14.3265994)",40.8498239,14.3265994
CCA Clinica Villa Rizzo - Siracusa (SR),"(37.0796333, 15.2782787)",37.0796333,15.2782787
CCA Cliniche Gavazzeni Spa - Bergamo (BG),"(45.6887693, 9.6790004)",45.6887693,9.6790004
CCA Cosentino Hospital S.r.l. - Palermo (PA),"(38.1111246, 13.3684479)",38.1111246,13.3684479
CCA Cristo Re - Messina (ME),"(38.19619489999999, 15.549315)",38.19619489999999,15.549315
CCA Damore S.r.l. - Taranto (TA),"(40.4642646, 17.2693666)",40.4642646,17.2693666
CCA Di Lorenzo - Avezzano (AQ),"(42.0350215, 13.4276758)",42.0350215,13.4276758
CCA Di Stefano Velona S.r.l. - Catania (CT),"(37.5139073, 15.0831561)",37.5139073,15.0831561
CCA Domus Salutis - Brescia (BS),"(45.5551153, 10.2348399)",45.5551153,10.2348399
CCA Dott. Spatocco - Chieti (CH),"(42.344521, 14.1677204)",42.344521,14.1677204
CCA Eretenia - Vicenza (VI),"(45.5435641, 11.5459198)",45.5435641,11.5459198
CCA European Hospital - Roma (RM),"(41.8858703, 12.4001243)",41.8858703,12.4001243
CCA Ex Center HospitalS. Raffaele Cassino - Cassino (FR),"(41.493659, 13.8310826)",41.493659,13.8310826
CCA Fabia Mater - Roma (RM),"(41.9059751, 12.4132272)",41.9059751,12.4132272
CCA Figlie Di S.camillo - Cremona (CR),"(45.1461743, 10.0129687)",45.1461743,10.0129687
CCA Fond. Mb Per Il Bambino E La Sua Mamma - Monza (MB),"(45.6018933, 9.2615722)",45.6018933,9.2615722
CCA Fondazione Poliambulanza  - Brescia (BS),"(45.520362, 10.2375324)",45.520362,10.2375324
CCA G.B. Mangioni - Lecco (LC),"(45.8502006, 9.388271)",45.8502006,9.388271
CCA G.B. Morgagni S.r.l. - Catania (CT),"(37.5333346, 15.0798779)",37.5333346,15.0798779
CCA GE.P.O.S. Srl - Telese Terme (BN),"(41.2176706, 14.5319823)",41.2176706,14.5319823
CCA Gibiino Srl - Catania (CT),"(37.5277909, 15.0867811)",37.5277909,15.0867811
CCA Giovanni XXIII - Monastier Di Treviso (TV),"(45.6535948, 12.4269489)",45.6535948,12.4269489
CCA Gretter E La Lucina Srl - Catania (CT),"(37.530665, 15.1114217)",37.530665,15.1114217
CCA Guarnieri Spa - Roma (RM),"(41.88248, 12.5631778)",41.88248,12.5631778
CCA Habilita Ist.clinico-osp.le Di Sarnico - Sarnico (BG),"(45.6697519, 9.9576689)",45.6697519,9.9576689
CCA Hesperia Hospital Modena S.r.l. - Modena (MO),"(44.6261117, 10.9238385)",44.6261117,10.9238385
CCA Hospital Piccole Figlie - Parma (PR),"(44.7885141, 10.3196986)",44.7885141,10.3196986
CCA Humanitas Centro Catanese Di Oncologia - Catania (CT),"(37.5297615, 15.0904836)",37.5297615,15.0904836
CCA Hyppocratica S.p.a. Villa - Salerno (SA),"(40.6801999, 14.7789592)",40.6801999,14.7789592
CCA I Cedri - Fara Novarese (NO),"(45.55580699999999, 8.4619199)",45.55580699999999,8.4619199
CCA I.N.I. - Canistro (AQ),"(41.9340379, 13.4094586)",41.9340379,13.4094586
CCA I.N.I. - Grottaferrata (RM),"(41.7781441, 12.6630019)",41.7781441,12.6630019
CCA I.O.M.I. - Messina (ME),"(38.26634019999999, 15.6321494)",38.26634019999999,15.6321494
CCA ICLAS S.r.l. - Rapallo (GE),"(44.3549587, 9.2158004)",44.3549587,9.2158004
CCA IOS -  Meluccio Srl - Pomigliano D'arco (NA),"(40.9118844, 14.3854199)",40.9118844,14.3854199
CCA Igea - Milano (MI),"(45.46417839999999, 9.219115799999999)",45.46417839999999,9.219115799999999
CCA Igea S.n.c. - Partinico (PA),"(38.04865849999999, 13.1136487)",38.04865849999999,13.1136487
CCA Ignazio Attardi S.p.a. - Santo Stefano Quisquina (AG),"(37.6301562, 13.4883036)",37.6301562,13.4883036
CCA Igreco Ospedali Riuniti S.r.l. - Dipignano (CS),"(39.279093, 16.239563)",39.279093,16.239563
CCA Immacolata - Celano (AQ),"(42.085035, 13.536382)",42.085035,13.536382
CCA Ios - Ex Clinica S. Felice Srl - Pomigliano D'arco (NA),"(40.914242, 14.4021327)",40.914242,14.4021327
CCA Iscas Morgagni Nord Srl - Pedara (CT),"(37.61786, 15.05313)",37.61786,15.05313
CCA Ist. Clinico Villa Aprica Spa - Como (CO),"(45.8232304, 9.060744)",45.8232304,9.060744
CCA Ist.clin. Città Di Brescia - Brescia (BS),"(45.54094, 10.23151)",45.54094,10.23151
CCA Ist.clinico S.ambrogio Spa - Milano (MI),"(45.4844233, 9.1534589)",45.4844233,9.1534589
CCA Ist.di Cura Cittàdi Pavia - Pavia (PV),"(45.192485, 9.167383)",45.192485,9.167383
CCA Ist.ort. Villa Salus I. Galatioto Srl - Augusta (SR),"(37.2555784, 15.2108421)",37.2555784,15.2108421
CCA Istit Chir Ortop Traumatologico - Latina (LT),"(45.48526830000001, -122.7946594)",45.48526830000001,-122.7946594
CCA Istituti Clinici Zucchi Spa - Monza (MB),"(45.5859169, 9.272352999999999)",45.5859169,9.272352999999999
CCA Istituto Clinico Beato Matteo - Vigevano (PV),"(45.3069391, 8.8696238)",45.3069391,8.8696238
CCA Istituto Clinico Città Studi - Milano (MI),"(45.4847666, 9.2247674)",45.4847666,9.2247674
CCA Istituto Clinico S. Anna - Brescia (BS),"(45.55361600000001, 10.180279)",45.55361600000001,10.180279
CCA Istituto Clinico S. Rocco S.p.a. - Ome (BS),"(45.6155129, 10.1115558)",45.6155129,10.1115558
CCA Istituto Oncologico Del Mediterraneo Spa - Viagrande (CT),"(37.6071052, 15.1071956)",37.6071052,15.1071956
CCA Istituto Ortopedico Mezzogiorno D`Italia - Reggio Di Calabria (RC),"(38.115157, 15.670046)",38.115157,15.670046
CCA Koelliker Ospedalino - Torino (TO),"(45.0407979, 7.654215100000001)",45.0407979,7.654215100000001
CCA La Maddalena S.p.a. - Palermo (PA),"(38.1677279, 13.313991)",38.1677279,13.313991
CCA La Madonnina Srl - San Gennaro Vesuviano (NA),"(40.8601654, 14.5274679)",40.8601654,14.5274679
CCA Lanzo Hospital - Ramponio Verna (CO),"(45.9930403, 9.039501699999999)",45.9930403,9.039501699999999
CCA Latteri S.r.l. - Palermo (PA),"(38.1409239, 13.3463637)",38.1409239,13.3463637
CCA Le Terrazze - Cunardo - Cunardo (VA),"(45.9347962, 8.8067805)",45.9347962,8.8067805
CCA Leonardo - Vinci (FI),"(43.7327509, 10.9386281)",43.7327509,10.9386281
CCA Liotti - Perugia (PG),"(43.113132, 12.380979)",43.113132,12.380979
CCA Luccioni - Potenza (PZ),"(40.63818000000001, 15.8001571)",40.63818000000001,15.8001571
CCA M. Tommasini S.r.l. - Jerzu (OG),"(39.7994211, 9.5152283)",39.7994211,9.5152283
CCA M.D. Barbantini S. Chiara - Lucca (LU),"(43.84181, 10.51029)",43.84181,10.51029
CCA Macchiarella S.p.a. - Palermo (PA),"(38.1189805, 13.3434294)",38.1189805,13.3434294
CCA Madonna Del Rimedio - Oristano (OR),"(39.902587, 8.5861895)",39.902587,8.5861895
CCA Madonna Della Salute - Porto Viro (RO),"(45.02664110000001, 12.2235388)",45.02664110000001,12.2235388
CCA Madonna Delle Grazie - Velletri (RM),"(41.6736763, 12.7759284)",41.6736763,12.7759284
CCA Malatesta Novello - Cesena (FC),"(44.1415666, 12.2481982)",44.1415666,12.2481982
CCA Malzoni - Agropoli (SA),"(40.3473993, 14.9913117)",40.3473993,14.9913117
CCA Maria Rosaria Spa - Pompei (NA),"(40.7476187, 14.4948504)",40.7476187,14.4948504
CCA Mater Dei Di G.nesi & C. S.p.a - Catania (CT),"(37.5116655, 15.0755381)",37.5116655,15.0755381
CCA Mater Dei Hospital - Bari (BA),"(41.0978118, 16.885555)",41.0978118,16.885555
CCA Mater Domini - Castellanza (VA),"(45.6097148, 8.9068621)",45.6097148,8.9068621
CCA Medicol S.r.l. - Villa Lucia Hospital - Conversano (BA),"(40.9606801, 17.11099)",40.9606801,17.11099
CCA Merry House,"(41.7906529, 12.3540294)",41.7906529,12.3540294
CCA Minerva S. P.a. S. Maria Della Salute - Santa Maria Capua Vetere (CE),"(41.073485, 14.25981)",41.073485,14.25981
CCA Mons. G. Calaciura Cenacolo - Biancavilla (CT),"(37.6412127, 14.870591)",37.6412127,14.870591
CCA Monte Imperatore - Noci (BA),"(40.7882245, 17.1111299)",40.7882245,17.1111299
CCA Montevergine - Mercogliano (AV),"(40.9221607, 14.7459241)",40.9221607,14.7459241
CCA Musumeci Gecas Srl - Gravina Di Catania (CT),"(37.5535635, 15.0719957)",37.5535635,15.0719957
CCA N.S. Di Lourdes - Massa Di Somma (NA),"(40.8504694, 14.3749263)",40.8504694,14.3749263
CCA N.c.l. Istituto Di Neuroscienze S.r.l. - Roma (RM),"(41.9458442, 12.5577582)",41.9458442,12.5577582
CCA Noto Pasqualino S.r.l. - Palermo (PA),"(38.1217254, 13.3426116)",38.1217254,13.3426116
CCA Nuova Città - Alessandria (AL),"(44.91311229999999, 8.63626)",44.91311229999999,8.63626
CCA Nuova Clinica Annunziatella - Roma (RM),"(41.8552573, 12.5061817)",41.8552573,12.5061817
CCA Nuova Clinica S.rita - Benevento (BN),"(41.12489, 14.79333)",41.12489,14.79333
CCA Nuova Itor - Roma (RM),"(41.9244862, 12.5424924)",41.9244862,12.5424924
CCA Nuova S. R.l. - Decimomannu (CA),"(39.311091, 8.975914999999999)",39.311091,8.975914999999999
CCA Nuova S. Teresa Del Bambin Gesù - Viterbo (VT),"(42.4300285, 12.0883514)",42.4300285,12.0883514
CCA Orestano S.r.l. - Palermo (PA),"(38.1220878, 13.3480868)",38.1220878,13.3480868
CCA Osp. Internazionale - Napoli (NA),"(40.8367422, 14.227646)",40.8367422,14.227646
CCA Osp. S. Pellegrino  - Castiglione Delle Stiviere (MN),"(45.3890722, 10.4926885)",45.3890722,10.4926885
CCA Ospedale Di Suzzara S.p.a. - Suzzara (MN),"(44.9868263, 10.7520054)",44.9868263,10.7520054
CCA Ospedale Privato Domus Nova S.p.a. - Ravenna (RA),"(44.41949, 12.18374)",44.41949,12.18374
CCA Ospedale Privato S. Pier Damiano Hospi - Faenza (RA),"(44.2878918, 11.8675376)",44.2878918,11.8675376
CCA Palazzolo - Fond. Don Gnocchi - Milano (MI),"(45.48869130000001, 9.1434997)",45.48869130000001,9.1434997
CCA Piacenza S.p.a. - Piacenza (PC),"(45.0464792, 9.6755701)",45.0464792,9.6755701
CCA Pierangeli - Pescara (PE),"(42.4622005, 14.2006635)",42.4622005,14.2006635
CCA Pineta Grande - Castel Volturno (CE),"(41.0179207, 13.953542)",41.0179207,13.953542
CCA Policlinico - Monza (MB),"(45.582843, 9.2946208)",45.582843,9.2946208
CCA Policlinico Di Monza Presidio Salus - Alessandria (AL),"(44.91286179999999, 8.612306199999999)",44.91286179999999,8.612306199999999
CCA Policlinico Di Monza Spa - Biella (BI),"(45.5727375, 8.0482538)",45.5727375,8.0482538
CCA Policlinico Di Monza Spa - Novara (NO),"(45.45085419999999, 8.6158441)",45.45085419999999,8.6158441
CCA Policlinico Di Monza Spa - Vercelli (VC),"(45.3124174, 8.4222625)",45.3124174,8.4222625
CCA Policlinico Madonna Della Consolazione - Reggio Di Calabria (RC),"(38.1157687, 15.6598959)",38.1157687,15.6598959
CCA Policlinico S. Marco  - Osio Sotto (BG),"(45.6042699, 9.590990000000001)",45.6042699,9.590990000000001
CCA Policlinico S. Pietro - Ponte San Pietro (BG),"(45.6979064, 9.5749256)",45.6979064,9.5749256
CCA Policlinico Sassarese Spa - Sassari (SS),"(40.7213449, 8.5582388)",40.7213449,8.5582388
CCA Porta Sole - Perugia (PG),"(43.1132731, 12.3912735)",43.1132731,12.3912735
CCA Private Hospital Argento Srl - Catania (CT),"(37.5202689, 15.0596841)",37.5202689,15.0596841
CCA Prof. Brodetti - Foggia (FG),"(41.4593928, 15.5357591)",41.4593928,15.5357591
CCA Prof. E. Montanari - Morciano Di Romagna (RN),"(43.913778, 12.6480173)",43.913778,12.6480173
CCA Prof. Nobili S.p.a. - Castiglione Dei Pepoli (BO),"(44.1406631, 11.1555866)",44.1406631,11.1555866
CCA Prof. Petrucciani S.r.l. - Lecce (LE),"(40.355785, 18.193975)",40.355785,18.193975
CCA Prof.dott. Luigi Cobellis - Vallo Della Lucania (SA),"(40.2318294, 15.2386796)",40.2318294,15.2386796
CCA Prof.e.falcidia Srl - Catania (CT),"(37.52799, 15.08705)",37.52799,15.08705
CCA Quarenghi - San Pellegrino Terme (BG),"(45.83709409999999, 9.6632192)",45.83709409999999,9.6632192
CCA Quisisana S.r.l. - Ferrara (FE),"(44.8409928, 11.6145116)",44.8409928,11.6145116
CCA Regina Pacis - San Cataldo (CL),"(37.4867236, 13.9908524)",37.4867236,13.9908524
CCA Rita Srl Casa Cura Villaverde - Fermo (FM),"(43.1585294, 13.7143009)",43.1585294,13.7143009
CCA S. Anna - Erice (TP),"(38.0205545, 12.5486553)",38.0205545,12.5486553
CCA S. Anna Pomezia - Pomezia (RM),"(41.6721548, 12.4961727)",41.6721548,12.4961727
CCA S. Anna S.r.l Cassino - Cassino (FR),"(41.4927647, 13.8382786)",41.4927647,13.8382786
CCA S. Anna S.r.l. - Cagliari (CA),"(39.2261128, 9.1173845)",39.2261128,9.1173845
CCA S. Antonio S.p.a. - Cagliari (CA),"(39.2146463, 9.126980999999999)",39.2146463,9.126980999999999
CCA S. Camillo - Brescia (BS),"(45.54094, 10.23151)",45.54094,10.23151
CCA S. Camillo - Cremona (CR),"(45.1378267, 10.039548)",45.1378267,10.039548
CCA S. Camillo - Fond. Opera S. Camillo - Forte Dei Marmi (LU),"(43.971552, 10.159789)",43.971552,10.159789
CCA S. Camillo - Messina (ME),"(38.1938152, 15.5480486)",38.1938152,15.5480486
CCA S. Camillo - Taranto (TA),"(40.490167, 17.230114)",40.490167,17.230114
CCA S. Clemente - Mantova (MN),"(45.1471976, 10.7709366)",45.1471976,10.7709366
CCA S. Famiglia - Roma (RM),"(41.90885859999999, 12.4650855)",41.90885859999999,12.4650855
CCA S. Feliciano - Roma (RM),"(41.8992466, 12.412895)",41.8992466,12.412895
CCA S. Francesco - Bergamo (BG),"(45.697598, 9.6559309)",45.697598,9.6559309
CCA S. Francesco - Galatina (LE),"(40.1730204, 18.1665392)",40.1730204,18.1665392
CCA S. Francesco - Ravenna (RA),"(44.4251572, 12.2039981)",44.4251572,12.2039981
CCA S. Francesco - Telese Terme (BN),"(41.22134490000001, 14.5276385)",41.22134490000001,14.5276385
CCA S. Francesco - Verona (VR),"(45.4569594, 10.9867022)",45.4569594,10.9867022
CCA S. Giorgio Spa - Pordenone (PN),"(45.9467276, 12.6602283)",45.9467276,12.6602283
CCA S. Giovanni - Milano (MI),"(45.4744293, 9.128908899999999)",45.4744293,9.128908899999999
CCA S. Giuseppe - Arezzo (AR),"(43.46618, 11.88009)",43.46618,11.88009
CCA S. Lorenzino S.p.a - Cesena (FC),"(44.1415829, 12.2454487)",44.1415829,12.2454487
CCA S. Luca S.p.a. - Pecetto Torinese (TO),"(45.0244014, 7.7423164)",45.0244014,7.7423164
CCA S. Lucia Glef - Siracusa (SR),"(37.0804188, 15.2978897)",37.0804188,15.2978897
CCA S. Marco - Latina (LT),"(41.4629144, 12.906835)",41.4629144,12.906835
CCA S. Maria - Bari (BA),"(41.1084333, 16.8613284)",41.1084333,16.8613284
CCA S. Maria - Castellanza (VA),"(45.6003096, 8.8720223)",45.6003096,8.8720223
CCA S. Maria La Bruna Srl - Torre Del Greco (NA),"(40.770087, 14.4052249)",40.770087,14.4052249
CCA S. Paolo - Aversa (CE),"(40.9667524, 14.2082413)",40.9667524,14.2082413
CCA S. Pio X - Milano (MI),"(45.4947556, 9.1897827)",45.4947556,9.1897827
CCA S. Raffaele - Montecompatri (RM),"(41.8053605, 12.7371135)",41.8053605,12.7371135
CCA S. Rita - Atripalda (AV),"(40.9156114, 14.8214377)",40.9156114,14.8214377
CCA S. Rita Dott. Caparra - Ciro' Marina (KR),"(39.36757009999999, 17.1226414)",39.36757009999999,17.1226414
CCA S.anna - Casale Monferrato (AL),"(45.1323015, 8.4526293)",45.1323015,8.4526293
CCA S.atorio Triestino S. P.a. - Trieste (TS),"(45.645411, 13.7893451)",45.645411,13.7893451
CCA S.m. Maddalena - Occhiobello (RO),"(44.8917245, 11.6114758)",44.8917245,11.6114758
CCA S.maria Bambina - Foggia (FG),"(41.4676, 15.52696)",41.4676,15.52696
CCA S.t`anna Hospital - Catanzaro (CZ),"(38.9271123, 16.5800222)",38.9271123,16.5800222
CCA Salus - Brindisi (BR),"(40.6291003, 17.9238803)",40.6291003,17.9238803
CCA Salus - Ferrara (FE),"(44.845606, 11.619005)",44.845606,11.619005
CCA Salus - Tesimo (BZ),"(46.55656640000001, 11.1765203)",46.55656640000001,11.1765203
CCA Salus - Trieste (TS),"(45.6450187, 13.7631535)",45.6450187,13.7631535
CCA Salus Hospital S.p.a - Reggio Nell'emilia (RE),"(44.6966331, 10.622411)",44.6966331,10.622411
CCA Salus S.p.a. - Battipaglia (SA),"(40.6055423, 14.9922361)",40.6055423,14.9922361
CCA Serena S.p.a. - Palermo (PA),"(38.1193797, 13.3290118)",38.1193797,13.3290118
CCA Sia S. Anna S.r.l. - Agrigento (AG),"(37.287939, 13.5813188)",37.287939,13.5813188
CCA Sileno E Anna Rizzola S.p.a - San Dona' Di Piave (VE),"(45.63256, 12.5637499)",45.63256,12.5637499
CCA Siligato - Civitavecchia (RM),"(42.0913432, 11.7980254)",42.0913432,11.7980254
CCA So.ge.sa.spa.c.di.c.s.barbara - Gela (CL),"(37.0788112, 14.2088547)",37.0788112,14.2088547
CCA Stella Maris Srl - San Benedetto Del Tronto (AP),"(42.9544809, 13.8744343)",42.9544809,13.8744343
CCA Torina - Palermo (PA),"(38.1248175, 13.3430333)",38.1248175,13.3430333
CCA Tortorella Spa - Salerno (SA),"(40.6813137, 14.768639)",40.6813137,14.768639
CCA Tricarico RoS.o Srl - Belvedere Marittimo (CS),"(39.6190214, 15.8621796)",39.6190214,15.8621796
CCA Triolo zancla S.p.a. - Palermo (PA),"(38.1192972, 13.3664678)",38.1192972,13.3664678
CCA Val Di Sieve Srl - Pelago (FI),"(43.78592130000001, 11.4534305)",43.78592130000001,11.4534305
CCA Valsalva Srl - Catania (CT),"(37.5227479, 15.0654681)",37.5227479,15.0654681
CCA Villa Anna Srl - San Benedetto Del Tronto (AP),"(42.9434689, 13.8811884)",42.9434689,13.8811884
CCA Villa Aurora - Reggio Di Calabria (RC),"(38.11509, 15.65742)",38.11509,15.65742
CCA Villa Azzurra - Siracusa (SR),"(37.0924588, 15.2703299)",37.0924588,15.2703299
CCA Villa Berica - Vicenza (VI),"(45.5484692, 11.5596184)",45.5484692,11.5596184
CCA Villa Bianca S.p.a. - Napoli (NA),"(40.861451, 14.2278986)",40.861451,14.2278986
CCA Villa Caminiti - Villa San Giovanni (RC),"(38.2239411, 15.6385553)",38.2239411,15.6385553
CCA Villa Cinzia - Napoli (NA),"(40.84494230000001, 14.2046706)",40.84494230000001,14.2046706
CCA Villa Dei Fiori - Mugnano Di Napoli (NA),"(40.9109521, 14.1964064)",40.9109521,14.1964064
CCA Villa Dei Fiori Srl - Acerra (NA),"(40.9359112, 14.3675521)",40.9359112,14.3675521
CCA Villa Dei Gerani - Erice (TP),"(38.0225677, 12.5488836)",38.0225677,12.5488836
CCA Villa Dei Gerani - Vibo Valentia (VV),"(38.6799155, 16.0989701)",38.6799155,16.0989701
CCA Villa Dei Pini - Piedimonte Matese (CE),"(41.354356, 14.369372)",41.354356,14.369372
CCA Villa Dei Platani - Avellino (AV),"(40.9118455, 14.7749244)",40.9118455,14.7749244
CCA Villa Del Sole - Caserta (CE),"(41.0736161, 14.2949306)",41.0736161,14.2949306
CCA Villa Del Sole - Catanzaro (CZ),"(38.9268196, 16.580943)",38.9268196,16.580943
CCA Villa Del Sole - Cosenza (CS),"(39.3101078, 16.230866)",39.3101078,16.230866
CCA Villa Delle querce - Napoli (NA),"(40.853309, 14.2358422)",40.853309,14.2358422
CCA Villa Delle querce - Nemi (RM),"(41.7123125, 12.7169746)",41.7123125,12.7169746
CCA Villa Domelia S.r.l. - Roma (RM),"(41.9426754, 12.5331973)",41.9426754,12.5331973
CCA Villa Elena - Cagliari (CA),"(39.226075, 9.125402)",39.226075,9.125402
CCA Villa Elisa S.p.a. - Cinquefrondi (RC),"(38.4173994, 16.0901506)",38.4173994,16.0901506
CCA Villa Erbosa Ospedale Priva - Bologna (BO),"(44.5216189, 11.3436547)",44.5216189,11.3436547
CCA Villa Esperia - Godiasco (PV),"(44.90205, 9.04464)",44.90205,9.04464
CCA Villa Esther - Avellino (AV),"(40.90905, 14.7962)",40.90905,14.7962
CCA Villa Esther S.r.l. - Bojano (CB),"(41.4881089, 14.4731034)",41.4881089,14.4731034
CCA Villa Fiorita - Aversa (CE),"(40.9787202, 14.2078906)",40.9787202,14.2078906
CCA Villa Fiorita - Prato (PO),"(43.90726, 11.09696)",43.90726,11.09696
CCA Villa Fiorita Spa - Capua (CE),"(41.1192491, 14.200673)",41.1192491,14.200673
CCA Villa Fulvia Srl - Roma (RM),"(41.84197, 12.55147)",41.84197,12.55147
CCA Villa Gioia  Srl Sora - Sora (FR),"(41.7138816, 13.6064742)",41.7138816,13.6064742
CCA Villa Igea - Acqui Terme (AL),"(44.6973414, 8.448036)",44.6973414,8.448036
CCA Villa Igea - Ancona (AN),"(43.5920731, 13.4993683)",43.5920731,13.4993683
CCA Villa Igea Srl - Messina (ME),"(38.1666501, 15.5399815)",38.1666501,15.5399815
CCA Villa Letizia - L'aquila (AQ),"(42.39482110000001, 13.3136707)",42.39482110000001,13.3136707
CCA Villa Maione - Villaricca (NA),"(40.9204018, 14.1960177)",40.9204018,14.1960177
CCA Villa Margherita - Benevento (BN),"(41.10682, 14.8227987)",41.10682,14.8227987
CCA Villa Maria - Baiano (AV),"(40.6898048, 9.7201974)",40.6898048,9.7201974
CCA Villa Maria - Mirabella Eclano (AV),"(41.0485186, 15.0284233)",41.0485186,15.0284233
CCA Villa Maria - Rimini (RN),"(44.0653157, 12.5651675)",44.0653157,12.5651675
CCA Villa Maria Beatrice Hospital Srl - Firenze (FI),"(43.7717748, 11.2701095)",43.7717748,11.2701095
CCA Villa Maria Cecilia Hospital - Cotignola (RA),"(44.3788507, 11.8837118)",44.3788507,11.8837118
CCA Villa Maria Eleonora - Palermo (PA),"(38.1172524, 13.3296367)",38.1172524,13.3296367
CCA Villa Maria Pia Hospital - Torino (TO),"(45.06962799999999, 7.7438969)",45.06962799999999,7.7438969
CCA Villa Maria Srl - Campobasso (CB),"(41.5532858, 14.6590683)",41.5532858,14.6590683
CCA Villa Michelino Srl - Lamezia Terme (CZ),"(38.9714427, 16.3103724)",38.9714427,16.3103724
CCA Villa Pia - Roma (RM),"(41.8680564, 12.4508787)",41.8680564,12.4508787
CCA Villa Pineta S.r.l. - Pavullo Nel Frignano (MO),"(44.2984664, 10.8297591)",44.2984664,10.8297591
CCA Villa Pini S.atrix Gestion - Civitanova Marche (MC),"(43.3133268, 13.7218385)",43.3133268,13.7218385
CCA Villa S. Marco - Ascoli Piceno (AP),"(42.84935429999999, 13.5880294)",42.84935429999999,13.5880294
CCA Villa S.anna - Reggio Di Calabria (RC),"(38.10369, 15.6441637)",38.10369,15.6441637
CCA Villa Salus S.a.s. - Messina (ME),"(38.1995087, 15.5475768)",38.1995087,15.5475768
CCA Villa Serena - Cassino (FR),"(41.4905002, 13.83569)",41.4905002,13.83569
CCA Villa Serena - Citta' Sant'angelo (PE),"(42.5176481, 14.060208)",42.5176481,14.060208
CCA Villa Serena - Forli' (FC),"(44.2181643, 12.0328717)",44.2181643,12.0328717
CCA Villa Serena - S.p.a. - Piossasco (TO),"(44.9910461, 7.456918999999999)",44.9910461,7.456918999999999
CCA Villa Stabia - Castellammare Di Stabia (NA),"(40.6984191, 14.4882354)",40.6984191,14.4882354
CCA Villa Tiberia S.r.l. - Roma (RM),"(41.9458442, 12.5577582)",41.9458442,12.5577582
CCA Villa Tirrena - Livorno (LI),"(43.53769519999999, 10.3074761)",43.53769519999999,10.3074761
CCA Villa Verde S.r.l. - Taranto (TA),"(40.4477689, 17.2751827)",40.4477689,17.2751827
CCA Villanova Srl - Sesto Fiorentino (FI),"(43.823489, 11.222825)",43.823489,11.222825
CCA kinetika Sardegna S.r.l. - Quartu Sant'elena (CA),"(39.241946, 9.1756811)",39.241946,9.1756811
E.R. G. Monasterio - Pisa (PI),"(43.717039, 10.3929003)",43.717039,10.3929003
E.R. Giovanni Paolo II - Campobasso (CB),"(41.5481024, 14.6124625)",41.5481024,14.6124625
E.R. Pasquinucci - Pisa (PI),"(43.6886054, 10.3826438)",43.6886054,10.3826438
IRCCSf C. Besta - Milano (MI),"(45.4776996, 9.2307939)",45.4776996,9.2307939
IRCCSf Ca Granda - Milano (MI),"(45.4776996, 9.2307939)",45.4776996,9.2307939
IRCCSf Istit. Naz.le Tumori - Milano (MI),"(45.4746616, 9.2321498)",45.4746616,9.2321498
IRCCSf Maugeri - Telese Terme (BN),"(41.22134, 14.533221)",41.22134,14.533221
IRCCSf Ospedale Casa Sollievo Della Sofferenza - San Giovanni Rotondo (FG),"(41.7082256, 15.7135334)",41.7082256,15.7135334
IRCCSf Piemonte per l'oncologia - Candiolo (TO),"(44.9306435, 7.6205159)",44.9306435,7.6205159
IRCCSf Policlinico S. Matteo - Pavia (PV),"(45.1974199, 9.1486289)",45.1974199,9.1486289
IRCCSf Salvatore Maugeri - Cassano Delle Murge (BA),"(40.89207, 16.753315)",40.89207,16.753315
IRCCSpr Centro Cardiologico Monzino - Milano (MI),"(45.4439542, 9.2621124)",45.4439542,9.2621124
IRCCSpr Fond.maugeri-centro Medico Di Pavia - Pavia (PV),"(45.2039608, 9.1393119)",45.2039608,9.1393119
IRCCSpr Fond.s.maugeri-cl.lavoro E Riab. - Tradate (VA),"(45.7199734, 8.9109927)",45.7199734,8.9109927
IRCCSpr Fondazione S.maugeri - Lumezzane - Lumezzane (BS),"(45.6519014, 10.2518374)",45.6519014,10.2518374
IRCCSpr I.d.i. - Roma (RM),"(41.9016635, 12.4308907)",41.9016635,12.4308907
IRCCSpr Irccs Multimedica - Sesto San Giovanni (MI),"(45.536576, 9.2188812)",45.536576,9.2188812
IRCCSpr Irccs Ospedale Capitanio - Milano (MI),"(45.4552969, 9.1906885)",45.4552969,9.1906885
IRCCSpr Irccs S. Raffaele PiS.a - Roma (RM),"(41.8779467, 12.4164401)",41.8779467,12.4164401
IRCCSpr Ismett - Palermo (PA),"(38.1151555, 13.3646502)",38.1151555,13.3646502
IRCCSpr Ist. Clin. Humanitas - Rozzano (MI),"(45.3719995, 9.1694873)",45.3719995,9.1694873
IRCCSpr Ist. Scientifico Di Riabilitazione  - Milano (MI),"(45.4372839, 9.2659361)",45.4372839,9.2659361
IRCCSpr Ist.auxologico Italiano - Milano (MI),"(45.4694744, 9.1655076)",45.4694744,9.1655076
IRCCSpr Istituto Europeo Di Oncologia - Milano (MI),"(45.4141803, 9.2079423)",45.4141803,9.2079423
IRCCSpr Istituto Ortopedico Galeazzi Spa  - Milano (MI),"(45.52313470000001, 9.1739994)",45.52313470000001,9.1739994
IRCCSpr Maugeri-centro Medico Montescano - Montescano (PV),"(45.0322126, 9.2845336)",45.0322126,9.2845336
IRCCSpr Neuromed I.r.c.c.s. - Pozzilli (IS),"(41.5138672, 14.0600753)",41.5138672,14.0600753
IRCCSpr Ospedale Pediatrico Bambino Gesù - Fiumicino (RM),"(41.9210267, 12.1542907)",41.9210267,12.1542907
IRCCSpr Ospedale Pediatrico Bambino Gesù - Roma (RM),"(41.8967341, 12.4608846)",41.8967341,12.4608846
IRCCSpr Policlinico S. Donato - San Donato Milanese (MI),"(45.4124139, 9.2752427)",45.4124139,9.2752427
IRCCSpr S. Raffaele - Milano (MI),"(45.50554630000001, 9.2652694)",45.50554630000001,9.2652694
IRCCSpub Burlo Garofolo - Trieste (TS),"(45.6349934, 13.7860287)",45.6349934,13.7860287
IRCCSpub C.r.o.b. - I.r.c.c.s. - Rionero In Vulture (PZ),"(40.930808, 15.6756467)",40.930808,15.6756467
IRCCSpub Centro Riferimento Oncologico - Aviano (PN),"(46.0633154, 12.5628363)",46.0633154,12.5628363
IRCCSpub Gaslini - Genova (GE),"(44.3914901, 8.988235399999999)",44.3914901,8.988235399999999
IRCCSpub I.n.r.c.a.- Presidio Di Casatenovo - Casatenovo (LC),"(45.7014898, 9.303523100000001)",45.7014898,9.303523100000001
IRCCSpub I.r.c.c.s. Istituto Oncologico Veneto - Padova (PD),"(45.4024744, 11.8919808)",45.4024744,11.8919808
IRCCSpub Ifo - Istituto Regina Elena - Roma (RM),"(41.80118179999999, 12.4476579)",41.80118179999999,12.4476579
IRCCSpub Irccs Saverio De Bellis - Castellana Grotte (BA),"(40.8833408, 17.1559618)",40.8833408,17.1559618
IRCCSpub Istituto Delle Scienze Neurologiche - Bologna (BO),"(44.4639452, 11.3903556)",44.4639452,11.3903556
IRCCSpub Istituto Nazionale Tumori Di Napoli - Fondazione Pascale - Napoli (NA),"(40.8623671, 14.2207534)",40.8623671,14.2207534
IRCCSpub Istituto Ortopedico Rizzoli - Bologna (BO),"(44.4808631, 11.3420249)",44.4808631,11.3420249
IRCCSpub Istituto Tumori Giovanni Paolo Ii - Bari (BA),"(41.1058595, 16.8590148)",41.1058595,16.8590148
IRCCSpub Ospedale Inrca - Ancona - Ancona (AN),"(43.5942796, 13.5117653)",43.5942796,13.5117653
IRCCSpub S. Martino  - Genova (GE),"(44.4076059, 8.969528799999999)",44.4076059,8.969528799999999
Osp. 0spedale Civile Coniugi Bernardini - Palestrina (RM),"(41.8359054, 12.8881856)",41.8359054,12.8881856
Osp. 0spedale SS. Gonfalone - Monterotondo (RM),"(42.0504057, 12.6213071)",42.0504057,12.6213071
Osp. A. Angelucci - Subiaco (RM),"(41.9313646, 13.0856616)",41.9313646,13.0856616
Osp. A. Bellini - Somma Lombardo (VA),"(45.6838527, 8.7136864)",45.6838527,8.7136864
Osp. A. Costa - Alto Reno Terme (BO),"(44.162872, 10.970059)",44.162872,10.970059
Osp. A. Segni Ozieri - Ozieri (SS),"(40.5778007, 9.0041897)",40.5778007,9.0041897
Osp. A. Zappatoni - Cassano D'adda (MI),"(45.5228038, 9.5157668)",45.5228038,9.5157668
Osp. Alfredo Fiorini Terracina - Terracina (LT),"(41.2962387, 13.2365367)",41.2962387,13.2365367
Osp. Alto Vicentino - Santorso (VI),"(45.7265918, 11.4145317)",45.7265918,11.4145317
Osp. Andria (plesso Canosa) - Canosa Di Puglia (BT),"(41.2256239, 16.0722156)",41.2256239,16.0722156
Osp. Andria - Andria (BT),"(41.2300853, 16.3035007)",41.2300853,16.3035007
Osp. Anzio-Nettuno - Anzio (RM),"(41.4570447, 12.6372379)",41.4570447,12.6372379
Osp. Area Aretina Nord - Arezzo (AR),"(43.4606325, 11.8647632)",43.4606325,11.8647632
Osp. Ariano Irpino - Ariano Irpino (AV),"(41.1501216, 15.0828836)",41.1501216,15.0828836
Osp. Ascalesi - Napoli (NA),"(40.84899, 14.231)",40.84899,14.231
Osp. Asilo Vittoria - Mortara - Mortara (PV),"(45.2493907, 8.756360899999999)",45.2493907,8.756360899999999
Osp. Aziendale Di Bressanone - Bressanone (BZ),"(46.7216867, 11.6498893)",46.7216867,11.6498893
Osp. Aziendale Di Brunico - Brunico (BZ),"(46.8000123, 11.9374816)",46.8000123,11.9374816
Osp. Aziendale Di Merano - Merano (BZ),"(46.6772395, 11.1513726)",46.6772395,11.1513726
Osp. B. Eustacchio - San Severino Marche (MC),"(43.2348201, 13.185651)",43.2348201,13.185651
Osp. B. Ramazzini - Carpi (MO),"(44.7866291, 10.8776011)",44.7866291,10.8776011
Osp. Barletta - Barletta (BT),"(41.3149994, 16.2542869)",41.3149994,16.2542869
Osp. Bassini - Cinisello Balsamo (MI),"(45.5465357, 9.2154832)",45.5465357,9.2154832
Osp. Basso Ionio - Soverato (CZ),"(38.69066309999999, 16.5414204)",38.69066309999999,16.5414204
Osp. Bellaria - Bologna (BO),"(44.4639452, 11.3903556)",44.4639452,11.3903556
Osp. Bentivoglio - Bentivoglio (BO),"(44.6338974, 11.4162574)",44.6338974,11.4162574
Osp. Bisceglie (plesso Trani) - Trani (BT),"(41.267504, 16.429501)",41.267504,16.429501
Osp. Bisceglie - Bisceglie (BT),"(41.24352469999999, 16.4932616)",41.24352469999999,16.4932616
Osp. Bobbio - Bobbio (PC),"(44.7703301, 9.3858835)",44.7703301,9.3858835
Osp. Bolognini - Seriate (BG),"(45.683208, 9.7179599)",45.683208,9.7179599
Osp. Budrio - Budrio (BO),"(44.5364409, 11.535642)",44.5364409,11.535642
Osp. C. Cantu - Abbiategrasso (MI),"(45.39526, 8.91453)",45.39526,8.91453
Osp. C. Poma - Mantova (MN),"(45.14483999999999, 10.7743)",45.14483999999999,10.7743
Osp. CTO Alesini - Roma (RM),"(41.858268, 12.4868779)",41.858268,12.4868779
Osp. Ca Foncello - Treviso (TV),"(45.65962, 12.26111)",45.65962,12.26111
Osp. Ca Granda - Niguarda - Milano (MI),"(45.5080396, 9.1884795)",45.5080396,9.1884795
Osp. Caracciolo Agnone - Agnone (IS),"(41.8107918, 14.3772626)",41.8107918,14.3772626
Osp. Cardinal G. Massaia - Asti (AT),"(44.9124692, 8.1943118)",44.9124692,8.1943118
Osp. Carlo Mira - Casorate Primo (PV),"(45.308822, 9.016323)",45.308822,9.016323
Osp. Carlo Ondoli - Angera (VA),"(45.775697, 8.5783907)",45.775697,8.5783907
Osp. Carlo Urbani - Jesi (AN),"(43.5292572, 13.2248253)",43.5292572,13.2248253
Osp. Casarano - Casarano (LE),"(40.0166795, 18.1621677)",40.0166795,18.1621677
Osp. Castel S. Giovanni - Castel San Giovanni (PC),"(45.0519867, 9.443971099999999)",45.0519867,9.443971099999999
Osp. Castellaneta - Castellaneta (TA),"(40.6334589, 16.9336663)",40.6334589,16.9336663
Osp. Ceccarini - Riccione (RN),"(43.9957732, 12.649685)",43.9957732,12.649685
Osp. Cecina - Cecina (LI),"(43.3135868, 10.5273434)",43.3135868,10.5273434
Osp. Centrale Di Bolzano - Bolzano (BZ),"(46.4989564, 11.3098383)",46.4989564,11.3098383
Osp. Cervesi - Cattolica (RN),"(43.95290869999999, 12.7356689)",43.95290869999999,12.7356689
Osp. Cetraro - Cetraro (CS),"(39.531206, 15.917515)",39.531206,15.917515
Osp. Civico - Chivasso (TO),"(45.19151799999999, 7.895384999999999)",45.19151799999999,7.895384999999999
Osp. Civico - Codogno (LO),"(45.1597045, 9.7109702)",45.1597045,9.7109702
Osp. Civico Partinico - Partinico (PA),"(38.037556, 13.11546)",38.037556,13.11546
Osp. Civile - Acqui Terme (AL),"(44.676108, 8.453256999999999)",44.676108,8.453256999999999
Osp. Civile - Adria (RO),"(45.0481, 12.05515)",45.0481,12.05515
Osp. Civile - Alghero (SS),"(40.5765019, 8.3202433)",40.5765019,8.3202433
Osp. Civile - Castel Del Piano (GR),"(42.8902547, 11.5355389)",42.8902547,11.5355389
Osp. Civile - Cuorgne' (TO),"(45.3874682, 7.6499942)",45.3874682,7.6499942
Osp. Civile - Dolo (VE),"(45.4213518, 12.071579)",45.4213518,12.071579
Osp. Civile - Ivrea (TO),"(45.4670817, 7.8727046)",45.4670817,7.8727046
Osp. Civile - Legnano (MI),"(45.583859, 8.8876663)",45.583859,8.8876663
Osp. Civile - Mirano (VE),"(45.49782, 12.1141206)",45.49782,12.1141206
Osp. Civile - Saluzzo (CN),"(44.642188, 7.495333599999999)",44.642188,7.495333599999999
Osp. Civile - San Giovanni Bianco (BG),"(45.87108, 9.65391)",45.87108,9.65391
Osp. Civile - Sestri Levante (GE),"(44.2747318, 9.4060141)",44.2747318,9.4060141
Osp. Civile - Susa (TO),"(45.1381487, 7.051101099999999)",45.1381487,7.051101099999999
Osp. Civile - Vigevano (PV),"(45.3212103, 8.8655328)",45.3212103,8.8655328
Osp. Civile - Voghera (PV),"(44.9948076, 9.016008099999999)",44.9948076,9.016008099999999
Osp. Civile E. Profili - Fabriano (AN),"(43.3406031, 12.9071945)",43.3406031,12.9071945
Osp. Civile Ferrari - Castrovillari (CS),"(39.8176456, 16.2134416)",39.8176456,16.2134416
Osp. Civile G. Fornaroli  - Magenta (MI),"(45.48510599999999, 8.8746499)",45.48510599999999,8.8746499
Osp. Civile Guastalla - Guastalla (RE),"(44.919346, 10.666079)",44.919346,10.666079
Osp. Civile La Memoria Di Gavardo - Gavardo (BS),"(45.5880676, 10.4383838)",45.5880676,10.4383838
Osp. Civile Locri - Locri (RC),"(38.2303285, 16.2433774)",38.2303285,16.2433774
Osp. Civile Madonna Della Navicella - Chioggia (VE),"(45.1984878, 12.2832952)",45.1984878,12.2832952
Osp. Civile Maria Paterno Arezzo - Ragusa (RG),"(36.9188391, 14.7279483)",36.9188391,14.7279483
Osp. Civile Nuovo S. Maria Della Sca - Imola (BO),"(44.3582943, 11.6890395)",44.3582943,11.6890395
Osp. Civile Orlandi Bussolengo - Bussolengo (VR),"(45.46576049999999, 10.8469566)",45.46576049999999,10.8469566
Osp. Civile S. Giovanni Di Dio - Crotone (KR),"(39.0792896, 17.1195287)",39.0792896,17.1195287
Osp. Civile S. Giovanni Di Dio - Frattamaggiore (NA),"(40.94809730000001, 14.2711193)",40.94809730000001,14.2711193
Osp. Civile S. Lucia - Recanati (MC),"(43.4852767, 13.4889753)",43.4852767,13.4889753
Osp. Civile S. Matteo Degli Infermi - Spoleto (PG),"(42.7326534, 12.7267126)",42.7326534,12.7267126
Osp. Civile S. S. Trinità - Sora (FR),"(41.7273697, 13.6246066)",41.7273697,13.6246066
Osp. Civile Venezia - Venezia (VE),"(45.43893540000001, 12.3418548)",45.43893540000001,12.3418548
Osp. Civile Villa D`agri - Marsicovetere (PZ),"(40.356162, 15.8245585)",40.356162,15.8245585
Osp. Copertino - Copertino (LE),"(40.29552109999999, 18.0013891)",40.29552109999999,18.0013891
Osp. Corigliano - Corigliano Calabro (CS),"(39.5902872, 16.5210101)",39.5902872,16.5210101
Osp. Crotta Oltrocchi - Vaprio D'adda (MI),"(45.574345, 9.527471199999999)",45.574345,9.527471199999999
Osp. Degli Infermi - Ponderano (BI),"(45.5430407, 8.0637992)",45.5430407,8.0637992
Osp. Degli Infermi - Rivoli (TO),"(45.0596332, 7.521719099999999)",45.0596332,7.521719099999999
Osp. Degli Infermi - San Miniato (PI),"(43.6808057, 10.860731)",43.6808057,10.860731
Osp. Dei Bambini - Brescia (BS),"(45.5564352, 10.2310468)",45.5564352,10.2310468
Osp. Dei Bianchi  - Corleone (PA),"(37.8161146, 13.2954712)",37.8161146,13.2954712
Osp. Dei Pellegrini - Napoli (NA),"(40.8449556, 14.2486399)",40.8449556,14.2486399
Osp. Del Casentino - Bibbiena (AR),"(43.70215280000001, 11.8212948)",43.70215280000001,11.8212948
Osp. Del Delta - Lagosanto (FE),"(44.769243, 12.129412)",44.769243,12.129412
Osp. Dell Annunziata - Sulmona (AQ),"(42.0339886, 13.933676)",42.0339886,13.933676
Osp. Dell'Angelo - Venezia (VE),"(45.513945, 12.2228836)",45.513945,12.2228836
Osp. Della Misericordia Grosseto - Grosseto (GR),"(42.7758297, 11.1228336)",42.7758297,11.1228336
Osp. Della Murgia - Altamura (BA),"(40.8330626, 16.5526624)",40.8330626,16.5526624
Osp. Della Val Vibrata - Sant'omero (TE),"(42.793674, 13.7995868)",42.793674,13.7995868
Osp. Della Valdinievole - Pescia (PT),"(43.90325139999999, 10.6908556)",43.90325139999999,10.6908556
Osp. Della Valtiberina - Sansepolcro (AR),"(43.5720115, 12.1356252)",43.5720115,12.1356252
Osp. Delle Apuane - Massa (MS),"(44.0292708, 10.14376)",44.0292708,10.14376
Osp. Di Agordo - Agordo (BL),"(46.28469, 12.03941)",46.28469,12.03941
Osp. Di Arzignano - Arzignano (VI),"(45.5260277, 11.3318836)",45.5260277,11.3318836
Osp. Di Asiago - Asiago (VI),"(45.86244, 11.5232501)",45.86244,11.5232501
Osp. Di Base Di S. Candido - San Candido (BZ),"(46.733889, 12.284747)",46.733889,12.284747
Osp. Di Base Di Silandro - Silandro (BZ),"(46.62851, 10.7783349)",46.62851,10.7783349
Osp. Di Base Di Vipiteno - Vipiteno (BZ),"(46.8978883, 11.427839)",46.8978883,11.427839
Osp. Di Borgo S. Lorenzo - Borgo San Lorenzo (FI),"(43.9573732, 11.3787479)",43.9573732,11.3787479
Osp. Di Castelfranco Veneto - Castelfranco Veneto (TV),"(45.6794567, 11.9319549)",45.6794567,11.9319549
Osp. Di Chiavenna - Chiavenna (SO),"(46.3215545, 9.3984586)",46.3215545,9.3984586
Osp. Di Circolo  - Busto Arsizio (VA),"(45.62145, 8.84738)",45.62145,8.84738
Osp. Di Circolo  - Rho (MI),"(45.5336587, 9.0339498)",45.5336587,9.0339498
Osp. Di Circolo A. Manzoni  - Lecco (LC),"(45.8520669, 9.414996499999999)",45.8520669,9.414996499999999
Osp. Di Circolo E Fondazione Macchi - Varese (VA),"(45.8078525, 8.837694299999999)",45.8078525,8.837694299999999
Osp. Di Circolo S. L. Mandic - Merate (LC),"(45.6977798, 9.427173699999999)",45.6977798,9.427173699999999
Osp. Di Città` Di Castello - Citta' Di Castello (PG),"(43.4778289, 12.2542817)",43.4778289,12.2542817
Osp. Di Civitacastellana - Civita Castellana (VT),"(42.289431, 12.416796)",42.289431,12.416796
Osp. Di Cuggiono - Cuggiono (MI),"(45.5093494, 8.8224656)",45.5093494,8.8224656
Osp. Di Desenzano - Desenzano Del Garda (BS),"(45.4714531, 10.5333351)",45.4714531,10.5333351
Osp. Di Fermo - Fermo (FM),"(43.1627774, 13.7027559)",43.1627774,13.7027559
Osp. Di Manerbio - Manerbio (BS),"(45.3563571, 10.1496602)",45.3563571,10.1496602
Osp. Di Mondovì - Mondovi' (CN),"(44.3911028, 7.801787999999999)",44.3911028,7.801787999999999
Osp. Di Montebelluna - Montebelluna (TV),"(45.7770495, 12.0344926)",45.7770495,12.0344926
Osp. Di Montecchio - Montecchio Maggiore (VI),"(45.5092303, 11.3984098)",45.5092303,11.3984098
Osp. Di Oderzo - Oderzo (TV),"(45.7813662, 12.4880702)",45.7813662,12.4880702
Osp. Di Orbetello - Orbetello (GR),"(42.4431406, 11.2194086)",42.4431406,11.2194086
Osp. Di Pieve Di Cadore - Pieve Di Cadore (BL),"(46.4322299, 12.3762737)",46.4322299,12.3762737
Osp. Di Portoferraio - Portoferraio (LI),"(42.8159242, 10.3213754)",42.8159242,10.3213754
Osp. Di Roccadaspide - Roccadaspide (SA),"(40.4238022, 15.1926127)",40.4238022,15.1926127
Osp. Di Tarquinia - Tarquinia (VT),"(42.2496303, 11.7594608)",42.2496303,11.7594608
Osp. Di Tolentino - Tolentino (MC),"(43.2133609, 13.294267)",43.2133609,13.294267
Osp. Di Treviglio E Caravaggio - Treviglio (BG),"(45.5103737, 9.610107099999999)",45.5103737,9.610107099999999
Osp. Di Umbertide - Umbertide (PG),"(43.3094903, 12.3260476)",43.3094903,12.3260476
Osp. Di Valdagno - Valdagno (VI),"(45.64647009999999, 11.3075668)",45.64647009999999,11.3075668
Osp. Di Venere  - Bari (BA),"(41.0746752, 16.870021)",41.0746752,16.870021
Osp. Divizzolo Predabissi - Vizzolo Predabissi (MI),"(45.35877, 9.34019)",45.35877,9.34019
Osp. Dono Svizzero - Formia (LT),"(41.2618316, 13.6333952)",41.2618316,13.6333952
Osp. Dossetti - Valsamoggia (BO),"(44.5015381, 11.0876637)",44.5015381,11.0876637
Osp. E. Agnelli - Pinerolo (TO),"(44.88322, 7.319929999999999)",44.88322,7.319929999999999
Osp. E. Franchini - Montecchio Emilia (RE),"(44.7054376, 10.4506281)",44.7054376,10.4506281
Osp. Erba  - Menaggio (CO),"(46.0180985, 9.2291511)",46.0180985,9.2291511
Osp. F. Del Ponte - Varese (VA),"(45.8252468, 8.835878899999999)",45.8252468,8.835878899999999
Osp. F. Spaziani  - Frosinone (FR),"(41.6388722, 13.3172624)",41.6388722,13.3172624
Osp. Fatebenefratelli E Oftalmico - Milano (MI),"(45.4786489, 9.192081199999999)",45.4786489,9.192081199999999
Osp. Fidenza - Fidenza (PR),"(44.8485693, 10.040696)",44.8485693,10.040696
Osp. Fiorenzuola Darda - Fiorenzuola D'arda (PC),"(44.9307641, 9.9084305)",44.9307641,9.9084305
Osp. Francavilla Fontana - Francavilla Fontana (BR),"(40.53049770000001, 17.5827818)",40.53049770000001,17.5827818
Osp. Franchini  - Santarcangelo Di Romagna (RN),"(44.06216, 12.44983)",44.06216,12.44983
Osp. G. B. Grassi - Roma (RM),"(41.729141, 12.3001016)",41.729141,12.3001016
Osp. G. Casati-passirana Rho - Rho (MI),"(45.5465443, 9.045333399999999)",45.5465443,9.045333399999999
Osp. G. F. Ingrassia - Palermo (PA),"(38.0947068, 13.310217)",38.0947068,13.310217
Osp. G. Magati Scandiano - Scandiano (RE),"(44.5998618, 10.6923386)",44.5998618,10.6923386
Osp. G. Marconi  - Cesenatico (FC),"(44.189497, 12.410503)",44.189497,12.410503
Osp. G. Mazzoni - Ascoli Piceno (AP),"(42.851941, 13.61946)",42.851941,13.61946
Osp. G. P. Delogu - Ghilarza - Ghilarza (OR),"(40.1203533, 8.834907099999999)",40.1203533,8.834907099999999
Osp. G. Salvini-garbagnate Mil. Se - Garbagnate Milanese (MI),"(45.581383, 9.0887668)",45.581383,9.0887668
Osp. Galatina -caterina Novella - Galatina (LE),"(40.1745521, 18.1621967)",40.1745521,18.1621967
Osp. Gallino - Genova (GE),"(44.4980497, 8.9004082)",44.4980497,8.9004082
Osp. Gallipoli-sacro Cuore Di Gesu - Gallipoli (LE),"(40.0565679, 18.0147207)",40.0565679,18.0147207
Osp. Galmarini - Tradate (VA),"(45.7228509, 8.900665)",45.7228509,8.900665
Osp. Generale Di zona  - Civitanova Marche (MC),"(43.3082455, 13.6954142)",43.3082455,13.6954142
Osp. Generale Di zona - Lentini (SR),"(37.2838188, 14.996114)",37.2838188,14.996114
Osp. Generale Provinciale  - Macerata (MC),"(43.2937821, 13.4577852)",43.2937821,13.4577852
Osp. Giovanni XXIII - Gioia Tauro (RC),"(38.4247624, 15.9044468)",38.4247624,15.9044468
Osp. Grottaglie - Grottaglie (TA),"(40.5392121, 17.4292246)",40.5392121,17.4292246
Osp. Guglielmo Da Saliceto  - Piacenza (PC),"(45.055142, 9.680686)",45.055142,9.680686
Osp. Guzzardi Vittoria - Vittoria (RG),"(36.9546375, 14.5438173)",36.9546375,14.5438173
Osp. Infermi  - Rimini (RN),"(44.042608, 12.589719)",44.042608,12.589719
Osp. Isola Della Scala - Isola Della Scala (VR),"(45.268096, 11.007449)",45.268096,11.007449
Osp. Istituti Ospitalieri - Cremona (CR),"(45.1286576, 10.0527763)",45.1286576,10.0527763
Osp. Istituto Ortopedico Gaetano Pini - Milan - Milano (MI),"(45.45565800000001, 9.1923994)",45.45565800000001,9.1923994
Osp. L. Parodi Delfino - Colleferro (RM),"(41.7273867, 13.004617)",41.7273867,13.004617
Osp. L. Sacco  - Milano (MI),"(45.5172983, 9.120248)",45.5172983,9.120248
Osp. Landolfi Solofra - Solofra (AV),"(40.8366788, 14.8378248)",40.8366788,14.8378248
Osp. Latisana e Palmanova - Latisana (UD),"(45.7691206, 13.0034717)",45.7691206,13.0034717
Osp. Latisana e Palmanova - Palmanova (UD),"(45.9088248, 13.3278914)",45.9088248,13.3278914
Osp. Lecce V Fazzi - Lecce (LE),"(40.3313007, 18.1595796)",40.3313007,18.1595796
Osp. Livorno - Livorno (LI),"(43.5513109, 10.3273011)",43.5513109,10.3273011
Osp. Lorenzo Pacini - San Marcello Pistoiese (PT),"(44.054247, 10.7745976)",44.054247,10.7745976
Osp. Loreto Mare - Napoli (NA),"(40.8461862, 14.2715621)",40.8461862,14.2715621
Osp. Luini Confalonieri  - Luino (VA),"(45.9973949, 8.7463059)",45.9973949,8.7463059
Osp. M. Melloni - Milano (MI),"(45.4665323, 9.2188973)",45.4665323,9.2188973
Osp. M. O. Antonio Locatelli - Piario (BG),"(45.8888402, 9.919152)",45.8888402,9.919152
Osp. Madonna Del Popolo - Omegna (VB),"(45.8718645, 8.4059347)",45.8718645,8.4059347
Osp. Madonna Del Soccorso  - San Benedetto Del Tronto (AP),"(42.946566, 13.8787312)",42.946566,13.8787312
Osp. Madonna Dellalto  - Petralia Sottana (PA),"(37.8187079, 14.0911795)",37.8187079,14.0911795
Osp. Magalini  - Villafranca Di Verona (VR),"(45.3473895, 10.839349)",45.3473895,10.839349
Osp. Maggiore  - Crema (CR),"(45.35443, 9.681239999999999)",45.35443,9.681239999999999
Osp. Maggiore - Chieri (TO),"(45.0097752, 7.8229952)",45.0097752,7.8229952
Osp. Maggiore A. Pizzardi - Bologna (BO),"(44.5055326, 11.3125173)",44.5055326,11.3125173
Osp. Maggiore Di Lodi - Lodi (LO),"(45.3156045, 9.5101537)",45.3156045,9.5101537
Osp. Maggiore Modica - Modica (RG),"(36.8375537, 14.7645566)",36.8375537,14.7645566
Osp. Maggiore SS. Annunziata - Savigliano (CN),"(44.64229020000001, 7.660701500000001)",44.64229020000001,7.660701500000001
Osp. Manduria - Manduria (TA),"(40.3980418, 17.6376865)",40.3980418,17.6376865
Osp. Manfredonia - Manfredonia (FG),"(41.6326847, 15.9193811)",41.6326847,15.9193811
Osp. Maria S. S. Dello Splendore - Giulianova (TE),"(42.7442621, 13.9640537)",42.7442621,13.9640537
Osp. Maria Vittoria - Torino (TO),"(45.0814649, 7.656313099999999)",45.0814649,7.656313099999999
Osp. Marino Regina Margherita  - Alghero (SS),"(40.5563791, 8.3173988)",40.5563791,8.3173988
Osp. Martina Franca - Martina Franca (TA),"(40.7051417, 17.3446863)",40.7051417,17.3446863
Osp. Martini - Torino (TO),"(45.0670207, 7.6285313)",45.0670207,7.6285313
Osp. Maurizio Bufalini  - Cesena (FC),"(44.1342063, 12.2597521)",44.1342063,12.2597521
Osp. Mazzini - Teramo (TE),"(42.6660622, 13.7137813)",42.6660622,13.7137813
Osp. Mazzolani Vandini Argenta - Argenta (FE),"(44.6138894, 11.8327571)",44.6138894,11.8327571
Osp. Monopoli - Monopoli (BA),"(40.9571656, 17.2935215)",40.9571656,17.2935215
Osp. Morelli - Sondalo - Sondalo (SO),"(46.3343534, 10.3303365)",46.3343534,10.3303365
Osp. Morgagni - Forli' (FC),"(44.2065048, 12.0197209)",44.2065048,12.0197209
Osp. Moscati - Taranto,"(40.4649765, 17.2471201)",40.4649765,17.2471201
Osp. Muscatello  - Augusta (SR),"(37.2412364, 15.2257816)",37.2412364,15.2257816
Osp. N. S. Di Montallegro - Rapallo (GE),"(44.3596113, 9.2139621)",44.3596113,9.2139621
Osp. Nefetti  - Santa Sofia (FC),"(43.9473026, 11.9085386)",43.9473026,11.9085386
Osp. Nuovo - Ceva (CN),"(44.377177, 8.03988)",44.377177,8.03988
Osp. Nuovo Gragnano - Gragnano (NA),"(40.695658, 14.5215802)",40.695658,14.5215802
Osp. Nuovo Valdarno - Montevarchi (AR),"(43.5460754, 11.5542323)",43.5460754,11.5542323
Osp. Nuovo civile Di Sassuolo S. P. A.  - Sassuolo (MO),"(44.5313941, 10.7929362)",44.5313941,10.7929362
Osp. Nuovo civile S. Agostino - Modena (MO),"(44.6047087, 10.8723985)",44.6047087,10.8723985
Osp. Nuovodi Broni E Stradella - Stradella (PV),"(45.0781536, 9.287260999999999)",45.0781536,9.287260999999999
Osp. Nuovodi Prato S. Stefano - Prato (PO),"(43.890339, 11.063443)",43.890339,11.063443
Osp. Nuovovaldichiana S. Margherita - Cortona (AR),"(43.2763922, 11.9283754)",43.2763922,11.9283754
Osp. Osp S. Maria Della Misericordia - Urbino (PU),"(43.7330789, 12.631921)",43.7330789,12.631921
Osp. Osp. Brindisi(plesso S. Pietro Vernotico) - San Pietro Vernotico (BR),"(40.48245199999999, 18.0035851)",40.48245199999999,18.0035851
Osp. Osp. Civ. Gaetanina Scotto - Procida (NA),"(40.75102529999999, 14.0159466)",40.75102529999999,14.0159466
Osp. Osp. Civ. S. Antoniopontremoli (ms) - Pontremoli (MS),"(44.3903764, 9.8849948)",44.3903764,9.8849948
Osp. Osp. Civile Destra Secchia - Pieve Di Coriano (MN),"(45.036197, 11.1169879)",45.036197,11.1169879
Osp. Osp. Generale Provinciale - Saronno (VA),"(45.6285351, 9.041210399999999)",45.6285351,9.041210399999999
Osp. Osp. Immacol. Concez. Di Piove Di Sacco - Piove Di Sacco (PD),"(45.2921053, 12.0304049)",45.2921053,12.0304049
Osp. Osp. Riuniti Leonardi E Riboli Lavagna - Lavagna (GE),"(44.3149642, 9.3489264)",44.3149642,9.3489264
Osp. Osp. S.  Antonio Abate - Gallarate (VA),"(45.6567877, 8.7920553)",45.6567877,8.7920553
Osp. Osp. S.  Antonio Abate Fivizzano (ms) - Fivizzano (MS),"(44.2392539, 10.1304782)",44.2392539,10.1304782
Osp. Osp. S.  Giovanni Di Dio Torregalli - Firenze (FI),"(43.7582231, 11.2034852)",43.7582231,11.2034852
Osp. Osp. S. Sebastiano Frascati - Frascati (RM),"(41.8174028, 12.6501534)",41.8174028,12.6501534
Osp. Osp. SS. Benvenuto E Rocco  - Osimo (AN),"(43.485009, 13.487953)",43.485009,13.487953
Osp. Osped Riuniti Area Nolana Plesso Pollena - Pollena Trocchia (NA),"(40.8518507, 14.3750954)",40.8518507,14.3750954
Osp. Osped. Circolo Causa Pia Luvini - Cittiglio (VA),"(45.8940722, 8.6671216)",45.8940722,8.6671216
Osp. Ospedali Riuniti Area Nolana Plesso Nola - Nola (NA),"(29.9685786, -90.0456732)",29.9685786,-90.0456732
Osp. Ospedali Riuniti Della Val Di Chiana - Montepulciano (SI),"(43.11177420000001, 11.792233)",43.11177420000001,11.792233
Osp. Ospedali Riuniti Padova Sud - Monselice (PD),"(45.2111038, 11.7349004)",45.2111038,11.7349004
Osp. Ostuni - Ostuni (BR),"(40.7262322, 17.5739655)",40.7262322,17.5739655
Osp. P. Angioloni - Bagno Di Romagna (FC),"(43.8581658, 11.9783464)",43.8581658,11.9783464
Osp. Padre Antero Micone  - Genova (GE),"(44.43066169999999, 8.8516518)",44.43066169999999,8.8516518
Osp. Padre Pio - Bracciano (RM),"(42.0926815, 12.1780014)",42.0926815,12.1780014
Osp. Paola - Paola (CS),"(39.3541398, 16.0401759)",39.3541398,16.0401759
Osp. Paolo Borsellino  - Marsala (TP),"(37.7929298, 12.4608369)",37.7929298,12.4608369
Osp. Paolo Colombo  - Velletri (RM),"(41.68715, 12.78096)",41.68715,12.78096
Osp. Papa Giovanni XXIII - Bergamo (BG),"(45.6870427, 9.6391385)",45.6870427,9.6391385
Osp. Pavullo Nel Frignano - Pavullo Nel Frignano (MO),"(44.3341165, 10.8355855)",44.3341165,10.8355855
Osp. Per Acuti - Legnago (VR),"(45.1858396, 11.3157395)",45.1858396,11.3157395
Osp. Perrino  - Brindisi (BR),"(40.61683970000001, 17.9040803)",40.61683970000001,17.9040803
Osp. Pesenti Fenaroli   - Alzano Lombardo (BG),"(45.7309476, 9.7258877)",45.7309476,9.7258877
Osp. Piombino - Piombino (LI),"(42.9388022, 10.5096466)",42.9388022,10.5096466
Osp. Plesso Di FaS.o -ostuni - Fasano (BR),"(40.8323191, 17.3568051)",40.8323191,17.3568051
Osp. Plesso Di S. Cesario -lecce - San Cesario Di Lecce (LE),"(40.3054511, 18.1582167)",40.3054511,18.1582167
Osp. Plesso Triggiano- Di Venere - Triggiano (BA),"(41.0666649, 16.9268757)",41.0666649,16.9268757
Osp. Pogorizia E Monfalcone Sede Gorizia - Gorizia (GO),"(45.9351231, 13.6067077)",45.9351231,13.6067077
Osp. Pogorizia E Monfalcone Sede Monfalcone - Monfalcone (GO),"(45.8155903, 13.5182215)",45.8155903,13.5182215
Osp. Policoro - Policoro (MT),"(40.2122895, 16.6656172)",40.2122895,16.6656172
Osp. Polo Osp. Dellest Veronese - San Bonifacio (VR),"(45.3868178, 11.2662339)",45.3868178,11.2662339
Osp. Pres. Osp. Noventa Vicentina - Noventa Vicentina (VI),"(45.2935029, 11.536454)",45.2935029,11.536454
Osp. Pres. Osp. Unico Di Rete - Vittorio Veneto (TV),"(45.9868643, 12.3169924)",45.9868643,12.3169924
Osp. Pres. Osped. Vicenza - Vicenza (VI),"(45.55609, 11.54818)",45.55609,11.54818
Osp. Pres. Ospedal. Spedali Civili Brescia - Brescia (BS),"(45.5564352, 10.2310468)",45.5564352,10.2310468
Osp. Presidio Osp. Cattinara E Maggiore Di Ts - Trieste (TS),"(45.6524503, 13.786965)",45.6524503,13.786965
Osp. Presidio Osped. V. Buzzi - Milano - Milano (MI),"(45.4861, 9.16644)",45.4861,9.16644
Osp. Presidio Ospedaliero  - Asola (MN),"(45.2239222, 10.4122767)",45.2239222,10.4122767
Osp. Presidio Ospedaliero -matera - Matera (MT),"(40.6533971, 16.6115395)",40.6533971,16.6115395
Osp. Presidio Ospedaliero A. Cardarelli - Campobasso (CB),"(41.5482747, 14.6229757)",41.5482747,14.6229757
Osp. Presidio Ospedaliero Alto Chiascio - Gubbio (PG),"(43.2678101, 12.6868364)",43.2678101,12.6868364
Osp. Presidio Ospedaliero Castel Di S.gro - Castel Di Sangro (AQ),"(41.7786742, 14.114357)",41.7786742,14.114357
Osp. Presidio Ospedaliero Di Arco - Arco (TN),"(45.91930079999999, 10.8750485)",45.91930079999999,10.8750485
Osp. Presidio Ospedaliero Di Borgo Valsugana - Borgo Valsugana (TN),"(46.0564964, 11.4625311)",46.0564964,11.4625311
Osp. Presidio Ospedaliero Di Camposampiero - Camposampiero (PD),"(45.5657243, 11.9287004)",45.5657243,11.9287004
Osp. Presidio Ospedaliero Di Carate - Carate Brianza (MB),"(45.670507, 9.24423)",45.670507,9.24423
Osp. Presidio Ospedaliero Di Cavalese - Cavalese (TN),"(46.28900609999999, 11.4549358)",46.28900609999999,11.4549358
Osp. Presidio Ospedaliero Di Chiari - Chiari (BS),"(45.5389114, 9.932192299999999)",45.5389114,9.932192299999999
Osp. Presidio Ospedaliero Di Cittàdella - Cittadella (PD),"(45.64719460000001, 11.7866322)",45.64719460000001,11.7866322
Osp. Presidio Ospedaliero Di Cles - Cles (TN),"(46.3614785, 11.0322177)",46.3614785,11.0322177
Osp. Presidio Ospedaliero Di Desio - Desio (MB),"(45.62328249999999, 9.198591799999999)",45.62328249999999,9.198591799999999
Osp. Presidio Ospedaliero Di Iseo - Iseo (BS),"(45.6631745, 10.0517232)",45.6631745,10.0517232
Osp. Presidio Ospedaliero Di Jesolo - Iesolo (VE),"(45.5101856, 12.6605302)",45.5101856,12.6605302
Osp. Presidio Ospedaliero Di Montichiari - Montichiari (BS),"(45.4110886, 10.4057213)",45.4110886,10.4057213
Osp. Presidio Ospedaliero Di Polla-s. Arsenio - Polla (SA),"(40.5166104, 15.4979787)",40.5166104,15.4979787
Osp. Presidio Ospedaliero Di Portogruaro - Portogruaro (VE),"(45.77152599999999, 12.841826)",45.77152599999999,12.841826
Osp. Presidio Ospedaliero Di S. Donà di Piave - San Dona' Di Piave (VE),"(45.6346001, 12.5763898)",45.6346001,12.5763898
Osp. Presidio Ospedaliero Di Tione - Tione Di Trento (TN),"(46.04156, 10.72399)",46.04156,10.72399
Osp. Presidio Ospedaliero Di Vimercate - Vimercate (MB),"(45.6083806, 9.3570639)",45.6083806,9.3570639
Osp. Presidio Ospedaliero Gardone V. T.  - Gardone Val Trompia (BS),"(45.6764155, 10.1837576)",45.6764155,10.1837576
Osp. Presidio Ospedaliero Immacolata Sapri - Sapri (SA),"(40.0705849, 15.6193218)",40.0705849,15.6193218
Osp. Presidio Ospedaliero Lamezia Terme - Lamezia Terme (CZ),"(38.96056129999999, 16.3045136)",38.96056129999999,16.3045136
Osp. Presidio Ospedaliero Maddaloni - Maddaloni (CE),"(41.0410398, 14.3811327)",41.0410398,14.3811327
Osp. Presidio Ospedaliero Marcianise - Marcianise (CE),"(41.0283912, 14.3153727)",41.0283912,14.3153727
Osp. Presidio Ospedaliero Melfi - Melfi (PZ),"(40.9965099, 15.639138)",40.9965099,15.639138
Osp. Presidio Ospedaliero N. S. Di Bonaria - San Gavino Monreale (VS),"(39.5497059, 8.791258899999999)",39.5497059,8.791258899999999
Osp. Presidio Ospedaliero Nord - Latina (LT),"(41.4622602, 12.9079592)",41.4622602,12.9079592
Osp. Presidio Ospedaliero Oglio Po - Casalmaggiore (CR),"(44.9748977, 10.468009)",44.9748977,10.468009
Osp. Presidio Ospedaliero Piedimonte Matese - Piedimonte Matese (CE),"(41.3534051, 14.3617332)",41.3534051,14.3617332
Osp. Presidio Ospedaliero S. Chiara - Trento (TN),"(46.05778, 11.1325399)",46.05778,11.1325399
Osp. Presidio Ospedaliero S. Filippo Neri - Roma (RM),"(41.9470232, 12.4154285)",41.9470232,12.4154285
Osp. Presidio Ospedaliero S. Luca - Lucca (LU),"(43.8421539, 10.5298541)",43.8421539,10.5298541
Osp. Presidio Ospedaliero S. Maria Del Carmine - Rovereto (TN),"(45.8817837, 11.0403115)",45.8817837,11.0403115
Osp. Presidio Ospedaliero s. Maria Maddalena - Volterra (PI),"(43.3996124, 10.8696898)",43.3996124,10.8696898
Osp. Presidio Ospedaliero smm - Sede Udine - Udine (UD),"(46.0778785, 13.2274294)",46.0778785,13.2274294
Osp. Presidio Ospedaliero zt 4  - Senigallia (AN),"(43.71424409999999, 13.21074)",43.71424409999999,13.21074
Osp. Presidio Ospedalierolagonegro - Lagonegro (PZ),"(40.12889, 15.7614079)",40.12889,15.7614079
Osp. Presidio S. Camillo De Lellis Di Rieti - Rieti (RI),"(42.4243298, 12.9058655)",42.4243298,12.9058655
Osp. Putignano - Putignano (BA),"(40.8506065, 17.119451)",40.8506065,17.119451
Osp. Regionale Umberto Parini - Aosta (AO),"(45.74019, 7.3149009)",45.74019,7.3149009
Osp. Riunito Sede Di Ciriè - Cirie' (TO),"(45.2352709, 7.5987733)",45.2352709,7.5987733
Osp. Riunito Sede Di Lanzo - Lanzo Torinese (TO),"(45.27509, 7.48634)",45.27509,7.48634
Osp. Rizzoli - Lacco Ameno (NA),"(40.7502673, 13.8958666)",40.7502673,13.8958666
Osp. Rossano - Rossano (CS),"(39.597721, 16.6379905)",39.597721,16.6379905
Osp. S.  Antonio Abate - Erice (TP),"(38.0279327, 12.5496954)",38.0279327,12.5496954
Osp. S. Andrea - Massa Marittima (GR),"(43.04299810000001, 10.8893952)",43.04299810000001,10.8893952
Osp. S. Andrea - Vercelli (VC),"(45.31731, 8.414009199999999)",45.31731,8.414009199999999
Osp. S. Andrea La Spezia - La Spezia (SP),"(44.11186, 9.832699999999999)",44.11186,9.832699999999999
Osp. S. Angelo Dei Lombardi - Sant'angelo Dei Lombardi (AV),"(40.9340829, 15.1631771)",40.9340829,15.1631771
Osp. S. Anna - Como - San Fermo Della Battaglia (CO),"(45.7939124, 9.046762300000001)",45.7939124,9.046762300000001
Osp. S. Anna Castelnovo Ne Monti - Castelnovo Ne'monti (RE),"(44.4345188, 10.4078327)",44.4345188,10.4078327
Osp. S. Antonio - Padova (PD),"(45.3927759, 11.8917481)",45.3927759,11.8917481
Osp. S. Antonio - San Daniele Del Friuli (UD),"(46.1513537, 13.0086143)",46.1513537,13.0086143
Osp. S. Antonio Abate  - Cantu' (CO),"(45.7395344, 9.1414016)",45.7395344,9.1414016
Osp. S. Bassiano - Bassano Del Grappa (VI),"(45.747673, 11.7441397)",45.747673,11.7441397
Osp. S. Benedetto Alatri - Alatri (FR),"(41.73791629999999, 13.3389024)",41.73791629999999,13.3389024
Osp. S. Biagio - Domodossola (VB),"(46.1180049, 8.2874318)",46.1180049,8.2874318
Osp. S. Carlo Borromeo - Milano - Milano (MI),"(45.4690838, 9.1138072)",45.4690838,9.1138072
Osp. S. Cimino - Termini Imerese (PA),"(37.9848555, 13.6867503)",37.9848555,13.6867503
Osp. S. Corona - Pietra Ligure (SV),"(44.14197, 8.27195)",44.14197,8.27195
Osp. S. Croce - Castelnuovo Di Garfagnana (LU),"(44.1113899, 10.4141643)",44.1113899,10.4141643
Osp. S. Croce - Moncalieri (TO),"(45.0012549, 7.689479299999999)",45.0012549,7.689479299999999
Osp. S. Eugenio - Roma (RM),"(41.8222695, 12.471681)",41.8222695,12.471681
Osp. S. Filippo e -nicola - Avezzano (AQ),"(42.0524646, 13.4198485)",42.0524646,13.4198485
Osp. S. Francesco - Barga (LU),"(44.0706251, 10.4815093)",44.0706251,10.4815093
Osp. S. G. Moscati - Aversa (CE),"(40.9543642, 14.2119473)",40.9543642,14.2119473
Osp. S. Gennaro - Napoli (NA),"(40.84899, 14.231)",40.84899,14.231
Osp. S. Gerardo - Monza (MB),"(45.6018933, 9.2615722)",45.6018933,9.2615722
Osp. S. Giacomo - Novi Ligure (AL),"(44.7582686, 8.793959899999999)",44.7582686,8.793959899999999
Osp. S. Giovanni Battista Foligno - Foligno (PG),"(42.9593382, 12.6902794)",42.9593382,12.6902794
Osp. S. Giovanni Bosco - Napoli (NA),"(40.8720332, 14.2738327)",40.8720332,14.2738327
Osp. S. Giovanni Di Dio - Fondi (LT),"(41.3645526, 13.4072893)",41.3645526,13.4072893
Osp. S. Giovanni Di Dio E S. Isidoro - Giarre (CT),"(37.7263917, 15.1815239)",37.7263917,15.1815239
Osp. S. Giovanni Evangelista - Tivoli (RM),"(41.9604088, 12.8026358)",41.9604088,12.8026358
Osp. S. Giuliano - Giugliano In Campania (NA),"(40.9237088, 14.199973)",40.9237088,14.199973
Osp. S. Giuseppe - Empoli (FI),"(43.7216208, 10.9336603)",43.7216208,10.9336603
Osp. S. Giuseppe E Melorio - Santa Maria Capua Vetere (CE),"(41.0769823, 14.2622)",41.0769823,14.2622
Osp. S. Lazzaro - Alba (CN),"(44.6994044, 8.0312728)",44.6994044,8.0312728
Osp. S. Leonardo - Castellammare Di Stabia (NA),"(40.6982436, 14.4879621)",40.6982436,14.4879621
Osp. S. Liberatore  - Atri (TE),"(42.5774653, 13.9884843)",42.5774653,13.9884843
Osp. S. Lorenzo - Carmagnola (TO),"(44.845907, 7.715967900000001)",44.845907,7.715967900000001
Osp. S. Luca Vallo Lucania - Vallo Della Lucania (SA),"(40.2264992, 15.2629122)",40.2264992,15.2629122
Osp. S. M. A.  - Pordenone (PN),"(45.9680876, 12.6528061)",45.9680876,12.6528061
Osp. S. M. A.  - Sacile (PN),"(45.9557305, 12.4999583)",45.9557305,12.4999583
Osp. S. M. Annunziata - Bagno A Ripoli (FI),"(43.731675, 11.309035)",43.731675,11.309035
Osp. S. M. Delle Grazie - Pozzuoli (NA),"(40.849415, 14.0733013)",40.849415,14.0733013
Osp. S. Maria Biancamirandola - Mirandola (MO),"(44.88256, 11.06447)",44.88256,11.06447
Osp. S. Maria Borgo Val Di Taro - Borgo Val Di Taro (PR),"(44.49184, 9.766145999999999)",44.49184,9.766145999999999
Osp. S. Maria Degli Ungheresi - Polistena (RC),"(38.40901660000001, 16.0767169)",38.40901660000001,16.0767169
Osp. S. Maria Del Prato - Feltre (BL),"(46.02156129999999, 11.9053068)",46.02156129999999,11.9053068
Osp. S. Maria Della Pietà - Camerino (MC),"(43.1275124, 13.055843)",43.1275124,13.055843
Osp. S. Maria Della Stella - Orvieto (TR),"(42.7332265, 12.1332584)",42.7332265,12.1332584
Osp. S. Maria Delle Croci Raven - Ravenna (RA),"(44.4100517, 12.1902926)",44.4100517,12.1902926
Osp. S. Maria Delle Stelle Melzo - Melzo (MI),"(45.5080594, 9.4266316)",45.5080594,9.4266316
Osp. S. Maria Misericordia - Albenga (SV),"(44.054147, 8.1976775)",44.054147,8.1976775
Osp. S. Maria Nuova - Firenze (FI),"(43.7734548, 11.2600154)",43.7734548,11.2600154
Osp. S. Marta - Rivolta Dadda - Rivolta D'adda (CR),"(45.4688847, 9.5147315)",45.4688847,9.5147315
Osp. S. Martino  - Oristano (OR),"(39.8996541, 8.5862075)",39.8996541,8.5862075
Osp. S. Martino - Mede (PV),"(45.0915411, 8.730761)",45.0915411,8.730761
Osp. S. Martino Belluno - Belluno (BL),"(46.1362512, 12.1997245)",46.1362512,12.1997245
Osp. S. Paolo (plesso Corato) - Corato (BA),"(41.1462459, 16.423978)",41.1462459,16.423978
Osp. S. Paolo (plesso Molfetta) - Molfetta (BA),"(41.1961675, 16.5943082)",41.1961675,16.5943082
Osp. S. Paolo (plesso Terlizzi) - Terlizzi (BA),"(41.1316138, 16.5353777)",41.1316138,16.5353777
Osp. S. Paolo - Civitavecchia (RM),"(42.0988206, 11.8093988)",42.0988206,11.8093988
Osp. S. Paolo - Milano - Milano (MI),"(45.43419979999999, 9.159258999999999)",45.43419979999999,9.159258999999999
Osp. S. Paolo - Napoli (NA),"(40.84899, 14.231)",40.84899,14.231
Osp. S. Paolo - Savona (SV),"(44.320428, 8.491518700000002)",44.320428,8.491518700000002
Osp. S. Paolo-bari - Bari (BA),"(41.117506, 16.780142)",41.117506,16.780142
Osp. S. Rocco - Sessa Aurunca (CE),"(41.3100456, 13.9183831)",41.3100456,13.9183831
Osp. S. Salvatore - L'aquila (AQ),"(42.367563, 13.35124)",42.367563,13.35124
Osp. S. Salvatores - San Giovanni In Persiceto (BO),"(44.6324204, 11.1949899)",44.6324204,11.1949899
Osp. S. Scolastica Cassino - Cassino (FR),"(41.5034393, 13.8480442)",41.5034393,13.8480442
Osp. S. Severo (plesso Lucera) - Lucera (FG),"(41.5131863, 15.3313792)",41.5131863,15.3313792
Osp. S. Severo - San Severo (FG),"(41.6891286, 15.3836963)",41.6891286,15.3836963
Osp. S. Spirito - Bra (CN),"(44.7020006, 7.8479767)",44.7020006,7.8479767
Osp. S. Spirito - Casale Monferrato (AL),"(45.1218264, 8.4445721)",45.1218264,8.4445721
Osp. S. Spirito - Roma (RM),"(41.9011748, 12.46307)",41.9011748,12.46307
Osp. S. Timoteo- Termoli - Termoli (CB),"(41.9867454, 14.9970138)",41.9867454,14.9970138
Osp. S. Vito Al T. Sede Di S. Vito Al T - San Vito Al Tagliamento (PN),"(45.907985, 12.8562786)",45.907985,12.8562786
Osp. S. Vito Al T. Sede Di Spilimbergo - Spilimbergo (PN),"(46.11204, 12.8916)",46.11204,12.8916
Osp. S. Vito E S. Spirito  - Alcamo (TP),"(37.9825539, 12.9609444)",37.9825539,12.9609444
Osp. S. jacopo - Pistoia (PT),"(43.919047, 10.903792)",43.919047,10.903792
Osp. S.dro Pertini - Roma (RM),"(41.9173208, 12.5394962)",41.9173208,12.5394962
Osp. SMDP Incurabili - Napoli (NA),"(40.8539535, 14.2547755)",40.8539535,14.2547755
Osp. SS. Annunziata - Cento (FE),"(44.724082, 11.2907619)",44.724082,11.2907619
Osp. SS. Annunziata - Varzi (PV),"(44.824274, 9.190332)",44.824274,9.190332
Osp. SS. Antonio E Margherita - Tortona (AL),"(44.8932643, 8.8636655)",44.8932643,8.8636655
Osp. SS. Capitanio E Gerosa  - Lovere (BG),"(45.8191219, 10.0751468)",45.8191219,10.0751468
Osp. SS. Pietro E Paolo - Borgosesia (VC),"(45.71271549999999, 8.2614062)",45.71271549999999,8.2614062
Osp. SS. Trinità - Borgomanero (NO),"(45.7046545, 8.4587257)",45.7046545,8.4587257
Osp. SS. Trinità - Romano Di Lombardia (BG),"(45.5193133, 9.751416899999999)",45.5193133,9.751416899999999
Osp. Sacra Famiglia Novafeltria - Novafeltria (RN),"(43.89037, 12.28737)",43.89037,12.28737
Osp. Scorrano - Scorrano (LE),"(40.0951524, 18.3003872)",40.0951524,18.3003872
Osp. Sede Di S. Daniele - San Daniele Del Friuli (UD),"(46.1513537, 13.0086143)",46.1513537,13.0086143
Osp. Sede Di Tolmezzo - Tolmezzo (UD),"(46.4050057, 13.0065264)",46.4050057,13.0065264
Osp. Serra S. Bruno - Serra San Bruno (VV),"(38.5750831, 16.3213038)",38.5750831,16.3213038
Osp. Serristori - Figline E Incisa Valdarno (FI),"(43.615567, 11.475273)",43.615567,11.475273
Osp. Sondrio - Sondrio (SO),"(46.1709074, 9.8800794)",46.1709074,9.8800794
Osp. Ss Annunziata - Taranto - Taranto (TA),"(40.4649765, 17.2471201)",40.4649765,17.2471201
Osp. Ss Donnino E Carlo - Pergola (PU),"(43.5630132, 12.8362079)",43.5630132,12.8362079
Osp. Stab. Ospedaliero Assisi - Assisi (PG),"(43.0639879, 12.6227423)",43.0639879,12.6227423
Osp. Stab. Ospedaliero Castiglione Del Lago - Castiglione Del Lago (PG),"(43.127342, 12.0537014)",43.127342,12.0537014
Osp. Stab. Ospedaliero Media Valle Del Tevere - Todi (PG),"(42.8757251, 12.4038547)",42.8757251,12.4038547
Osp. Stabilimento Di Belcolle - Viterbo (VT),"(42.3904875, 12.1219243)",42.3904875,12.1219243
Osp. Stabilimento Osped. S.  Agata Militello - Sant'agata Di Militello (ME),"(38.0690407, 14.6380845)",38.0690407,14.6380845
Osp. Stabilimento Ospedaliero Castelli - Verbania (VB),"(45.9260884, 8.5490149)",45.9260884,8.5490149
Osp. Stabilimento Ospedaliero Di Amelia - Amelia (TR),"(42.5591009, 12.4120459)",42.5591009,12.4120459
Osp. Stabilimento Ospedaliero Di Bordighera - Bordighera (IM),"(43.783067, 7.647722)",43.783067,7.647722
Osp. Stabilimento Ospedaliero Di Imperia - Imperia (IM),"(43.89208, 8.03113)",43.89208,8.03113
Osp. Stabilimento Ospedaliero Di Narni - Narni (TR),"(42.5168419, 12.52166)",42.5168419,12.52166
Osp. Stabilimento Ospedaliero Di S.remo - San Remo (IM),"(43.8226922, 7.779398599999999)",43.8226922,7.779398599999999
Osp. Stabilimento S. Bartolomeo Di Sarzana - Sarzana (SP),"(44.1247774, 9.9435412)",44.1247774,9.9435412
Osp. Tatarella - Cerignola (FG),"(41.2685548, 15.9058887)",41.2685548,15.9058887
Osp. Tiberio Evoli - Melito P. S.  - Melito Di Porto Salvo (RC),"(37.9193885, 15.7813587)",37.9193885,15.7813587
Osp. Torino Nord - Torino (TO),"(45.0973671, 7.7008926)",45.0973671,7.7008926
Osp. Trabattoni Ronzoni - Seregno (MB),"(45.6538689, 9.2049758)",45.6538689,9.2049758
Osp. Uboldo - Cernusco Sul Naviglio (MI),"(45.5228551, 9.3278124)",45.5228551,9.3278124
Osp. Umberto I  - Lugo (RA),"(44.4161532, 11.9214394)",44.4161532,11.9214394
Osp. Unico Di Rete - Conegliano (TV),"(45.8816625, 12.290304)",45.8816625,12.290304
Osp. Unico Di Rete Sede De Gironcoli - Conegliano (TV),"(45.8816625, 12.290304)",45.8816625,12.290304
Osp. V. Emanuele II - Castelvetrano (TP),"(37.6723346, 12.7968226)",37.6723346,12.7968226
Osp. Valcamonica - Edolo - Edolo (BS),"(46.1784335, 10.3308008)",46.1784335,10.3308008
Osp. Valcamonica - Esine - Esine (BS),"(45.9269076, 10.2427272)",45.9269076,10.2427272
Osp. Veneziale- Isernia - Isernia (IS),"(41.5829704, 14.2205724)",41.5829704,14.2205724
Osp. Vergato - Vergato (BO),"(44.281612, 11.109414)",44.281612,11.109414
Osp. Versilia - Camaiore (LU),"(43.9142268, 10.2240919)",43.9142268,10.2240919
Osp. Vignola - Vignola (MO),"(44.4833852, 11.0115583)",44.4833852,11.0115583
Osp. Villa Betania - Roma (RM),"(41.8910711, 12.4421951)",41.8910711,12.4421951
Osp. Villa Scassi - Genova (GE),"(44.4121, 8.8976109)",44.4121,8.8976109
Osp. Vittorio Emanuele II - Amandola (FM),"(42.9746408, 13.3477671)",42.9746408,13.3477671
Osp. degli Infermi - Faenza (RA),"(44.2870808, 11.873908)",44.2870808,11.873908
Osp. dell'Alta Val D'Elsa - Poggibonsi (SI),"(43.45176230000001, 11.1486417)",43.45176230000001,11.1486417
Osp. di Albano - Albano Laziale (RM),"(41.7308714, 12.664562)",41.7308714,12.664562
Osp. di Genzano - Genzano Di Roma (RM),"(41.7050395, 12.6800486)",41.7050395,12.6800486
Osp. di Maria Avola - Avola (SR),"(36.92924, 15.167177)",36.92924,15.167177
Osp. s. Sebastiano Correggio - Correggio (RE),"(44.7754221, 10.7828451)",44.7754221,10.7828451
Osp.A. G. Mastino - Bosa - Bosa (OR),"(40.2986363, 8.498731099999999)",40.2986363,8.498731099999999
Osp.Atessa S. Camillo De Lellis - Atessa (CH),"(42.0766024, 14.4524676)",42.0766024,14.4524676
Osp.Barone Lombardo - Canicatti' (AG),"(37.3525966, 13.8342004)",37.3525966,13.8342004
Osp.Barone-Romeo - Patti (ME),"(38.1418962, 14.9670253)",38.1418962,14.9670253
Osp.Basso Ragusa Militello - Militello In Val Di Catania (CT),"(37.277098, 14.796535)",37.277098,14.796535
Osp.Beato Angelico - Acri (CS),"(39.4910403, 16.3885333)",39.4910403,16.3885333
Osp.Boscotrecase - Boscotrecase (NA),"(40.766689, 14.4521925)",40.766689,14.4521925
Osp.C. C.c S. Camillo - Treviso (TV),"(45.6738913, 12.2505284)",45.6738913,12.2505284
Osp.C. Cristo Re - Roma (RM),"(41.9180563, 12.42064)",41.9180563,12.42064
Osp.C. E.o. Ospedali Galliera - Genova (GE),"(44.39800690000001, 8.9424768)",44.39800690000001,8.9424768
Osp.C. Ente Eccl.osp.gen.reg.miulli - Acquaviva Delle Fonti (BA),"(40.863527, 16.803179)",40.863527,16.803179
Osp.C. Evangelico-S. Carlo Voltri - Genova (GE),"(44.43008700000001, 8.745493)",44.43008700000001,8.745493
Osp.C. Fondazione Evangelica Betania - Napoli (NA),"(40.859153, 14.3314268)",40.859153,14.3314268
Osp.C. Madre Giuseppina Vannini - Roma (RM),"(41.88069249999999, 12.5428804)",41.88069249999999,12.5428804
Osp.C. Osp. Buccheri La Ferla Fatebenefratelli - Palermo (PA),"(38.1060919, 13.3861354)",38.1060919,13.3861354
Osp.C. Osp. Moriggia Pelascini - Gravedona Ed Uniti (CO),"(46.1424834, 9.299993899999999)",46.1424834,9.299993899999999
Osp.C. Osp. Regina Apostolorum - Albano Laziale (RM),"(41.7308714, 12.664562)",41.7308714,12.664562
Osp.C. Osp.claSS.villasalus - Venezia (VE),"(45.51379559999999, 12.2383844)",45.51379559999999,12.2383844
Osp.C. Ospedale Fatebenefratelli - Napoli (NA),"(40.8151208, 14.199882)",40.8151208,14.199882
Osp.C. Ospedale Generale Prov.card. G. Panico - Tricase (LE),"(39.9354405, 18.3549268)",39.9354405,18.3549268
Osp.C. Ospedale Israelitico - Roma (RM),"(41.8356714, 12.4278713)",41.8356714,12.4278713
Osp.C. Ospedale S. Camillo - Trento (TN),"(46.05754, 11.13284)",46.05754,11.13284
Osp.C. Ospedale S. Carlo Di Nancy - Roma (RM),"(41.8981753, 12.4386278)",41.8981753,12.4386278
Osp.C. Ospedale S. Giovanni Calibita - Fbf - Roma (RM),"(41.8281833, 12.4182164)",41.8281833,12.4182164
Osp.C. Ospedale S. Giuseppe  - Milano (MI),"(45.4630504, 9.1719586)",45.4630504,9.1719586
Osp.C. Ospedale S. Pietro - Fbf - Roma (RM),"(41.96431010000001, 12.4518703)",41.96431010000001,12.4518703
Osp.C. Ospedale Sacro Cuore - Don Calabria - Negrar (VR),"(45.5301228, 10.9362782)",45.5301228,10.9362782
Osp.C. Ospedale Valduce - Como (CO),"(45.8103963, 9.0878222)",45.8103963,9.0878222
Osp.C. Sacra Famiglia - F.b.f. - Erba (CO),"(45.8159932, 9.2261354)",45.8159932,9.2261354
Osp.C. Sacro Cuore Di Gesù fbf - Benevento (BN),"(41.1353417, 14.7732025)",41.1353417,14.7732025
Osp.Carlo Basilotta - Nicosia (EN),"(37.7469231, 14.3952782)",37.7469231,14.3952782
Osp.Castiglione Prestianni Bronte - Bronte (CT),"(37.7861336, 14.8322955)",37.7861336,14.8322955
Osp.Centro Traumatologico Ortopedico  - Milano (MI),"(45.5172983, 9.120248)",45.5172983,9.120248
Osp.Città Di Sesto S. Giovanni - Sesto San Giovanni (MI),"(45.536459, 9.225299099999999)",45.536459,9.225299099999999
Osp.Clinicizz. SS. Annunziata Chieti - Chieti (CH),"(42.344521, 14.1677204)",42.344521,14.1677204
Osp.Cto - Iglesias (CI),"(41.1360211, 14.7734477)",41.1360211,14.7734477
Osp.De Luca E RosS.o - Vico Equense (NA),"(40.6612933, 14.4265214)",40.6612933,14.4265214
Osp.Di Rovigo - Rovigo (RO),"(45.0743645, 11.8159495)",45.0743645,11.8159495
Osp.Di Trecenta - Trecenta (RO),"(45.03038, 11.4661)",45.03038,11.4661
Osp.F. Lli Parlapiano - Ribera - Ribera (AG),"(37.4946848, 13.2637078)",37.4946848,13.2637078
Osp.F. Lotti Stabilimento Di Pontedera - Pontedera (PI),"(43.658956, 10.632895)",43.658956,10.632895
Osp.Ferro-capra-branciforte - Leonforte (EN),"(37.651522, 14.4116493)",37.651522,14.4116493
Osp.G. Bernabeo Ortona - Ortona (CH),"(42.2434887, 14.3825038)",42.2434887,14.3825038
Osp.G. Fogliani Milazzo - Milazzo (ME),"(38.2207102, 15.2419327)",38.2207102,15.2419327
Osp.Giovanni Paolo Ii - Sciacca (AG),"(37.5238635, 13.0742504)",37.5238635,13.0742504
Osp.Giovanni Paolo Iiolbia - Olbia (OT),"(40.9139315, 9.4763155)",40.9139315,9.4763155
Osp.Gravina E S. Pietro Caltagirone - Caltagirone (CT),"(37.224392, 14.51784)",37.224392,14.51784
Osp.Lanciano Renzetti - Lanciano (CH),"(42.2362089, 14.3964654)",42.2362089,14.3964654
Osp.M. Chiello - Piazza Armerina (EN),"(37.4062952, 14.3785671)",37.4062952,14.3785671
Osp.M. Immacolatalongo - Mussomeli (CL),"(37.58362169999999, 13.7467627)",37.58362169999999,13.7467627
Osp.M. SS. Immacolata Di Guardiagrele - Guardiagrele (CH),"(42.197875, 14.2187696)",42.197875,14.2187696
Osp.Maresca - Torre Del Greco (NA),"(40.80154479999999, 14.3840754)",40.80154479999999,14.3840754
Osp.Maria SS. Addolorata Biancavilla - Biancavilla (CT),"(37.6412127, 14.870591)",37.6412127,14.870591
Osp.Maria SS. Addolorata Eboli - Eboli (SA),"(40.5251104, 14.9207119)",40.5251104,14.9207119
Osp.Marino - Cagliari (CA),"(39.2486405, 9.108540099999999)",39.2486405,9.108540099999999
Osp.Martiri Divilla Malta Sarno - Sarno (SA),"(40.8154037, 14.6034036)",40.8154037,14.6034036
Osp.Nostra Signora Della Mercede - Lanusei (OG),"(39.8770394, 9.548876)",39.8770394,9.548876
Osp.Nuovo Cutroni zodda Barcellona - Barcellona Pozzo Di Gotto (ME),"(38.1576408, 15.2139444)",38.1576408,15.2139444
Osp.Paolo Dettori - Tempio P.  - Tempio Pausania (OT),"(40.8973716, 9.1027759)",40.8973716,9.1027759
Osp.Paolo Merlo La Maddalena - La Maddalena (OT),"(41.2160458, 9.409412399999999)",41.2160458,9.409412399999999
Osp.S.  Francesco Dassisi Oliveto Citra - Oliveto Citra (SA),"(40.6915328, 15.2371963)",40.6915328,15.2371963
Osp.S.  Giacomo Daltopasso Licata - Licata (AG),"(37.1071973, 13.9247833)",37.1071973,13.9247833
Osp.S.  Giovanni Di Dio - Agrigento (AG),"(37.287939, 13.5813188)",37.287939,13.5813188
Osp.S.  Maria Della Misericordia - Sorrento (NA),"(40.6249139, 14.3690081)",40.6249139,14.3690081
Osp.S.  Marta E S. Venera Acireale - Acireale (CT),"(37.6162722, 15.143121)",37.6162722,15.143121
Osp.S.  Massimo Di Penne - Penne (PE),"(42.4598537, 13.9210622)",42.4598537,13.9210622
Osp.S. Alfonso Maria De Liguori - Sant'agata De' Goti (BN),"(41.10521749999999, 14.5053432)",41.10521749999999,14.5053432
Osp.S. Camillo - Sorgono (NU),"(40.0246346, 9.101433799999999)",40.0246346,9.101433799999999
Osp.S. Francesco - Nuoro (NU),"(40.3264042, 9.3164776)",40.3264042,9.3164776
Osp.S. Giovanni In Fiore - San Giovanni In Fiore (CS),"(41.1360211, 14.7734477)",41.1360211,14.7734477
Osp.S. Giuseppe - Isili (CA),"(39.74268790000001, 9.1101257)",39.74268790000001,9.1101257
Osp.S. M. Speranza Battipaglia - Battipaglia (SA),"(40.6181625, 14.975883)",40.6181625,14.975883
Osp.S. Marcellino - Muravera (CA),"(39.421048, 9.570511999999999)",39.421048,9.570511999999999
Osp.S. S. Trinita Popoli - Popoli (PE),"(42.1765057, 13.8270958)",42.1765057,13.8270958
Osp.S. Vincenzo Taormina - Taormina (ME),"(37.8437353, 15.2794451)",37.8437353,15.2794451
Osp.S.elia (ex Ao) - Caltanissetta (CL),"(37.48981, 14.0333)",37.48981,14.0333
Osp.S.to Stefano - Mazzarino (CL),"(37.3037543, 14.2106012)",37.3037543,14.2106012
Osp.SS. Salvatore Paternò - Paterno' (CT),"(37.5711163, 14.8986735)",37.5711163,14.8986735
Osp.SS. Trinita - Cagliari (CA),"(39.2486405, 9.108540099999999)",39.2486405,9.108540099999999
Osp.Sirai - Carbonia (CI),"(39.1906604, 8.481002199999999)",39.1906604,8.481002199999999
Osp.Spirito S.to Pescara - Pescara (PE),"(42.4641258, 14.1992988)",42.4641258,14.1992988
Osp.Suor Cecilia Basarocco - Niscemi (CL),"(37.1521575, 14.3851253)",37.1521575,14.3851253
Osp.Tortora Pagani - Pagani (SA),"(40.7470175, 14.6208558)",40.7470175,14.6208558
Osp.Trigona Noto - Noto (SR),"(36.9043512, 15.0688902)",36.9043512,15.0688902
Osp.Vasto S. Pio Da Pietralcina - Vasto (CH),"(42.0983051, 14.7200572)",42.0983051,14.7200572
Osp.Vittorio Emanuele (ex Ao) - Gela (CL),"(37.0733833, 14.2303742)",37.0733833,14.2303742
Osp.Vittorio Emanuele III - Salemi (TP),"(37.82839269999999, 12.8035428)",37.82839269999999,12.8035428
Osp.jazzolino - Vibo Valentia (VV),"(37.986922, 15.3880918)",37.986922,15.3880918
Osp.umberto I (ex A. O. ) - Siracusa (SR),"(37.0804188, 15.2978897)",37.0804188,15.2978897
Osp.umberto I - Enna (EN),"(37.5655551, 14.2751913)",37.5655551,14.2751913
Osp.umberto I Nocera Inferiore - Nocera Inferiore (SA),"(40.741057, 14.6337462)",40.741057,14.6337462
Pol.U. Complesso Integrato Columbus (c.i.c.) - Roma (RM),"(41.9268201, 12.4293601)",41.9268201,12.4293601
Pol.U. Policl. Univ. Campus Bio Medico - Roma (RM),"(41.7681987, 12.4701482)",41.7681987,12.4701482
Pol.U. Policlinico Universitario A. Gemelli - Roma (RM),"(41.9298722, 12.4296399)",41.9298722,12.4296399
Pres.  Polisp. Dott. Peder - Peschiera Del Garda (VR),"(45.443812, 10.7075463)",45.443812,10.7075463
Pres. Abano Terme - Abano Terme (PD),"(45.349447, 11.7866965)",45.349447,11.7866965
Pres. Cottolengo - Torino (TO),"(45.0787213, 7.681379300000001)",45.0787213,7.681379300000001
Pres. Fond. Ist. S. Raffaele - Giglio - Cefalu' (PA),"(38.0278324, 14.01261)",38.0278324,14.01261
Pres. Istituto Di Cura Maria SS.della Pieta` - Casoria (NA),"(40.9047973, 14.2932508)",40.9047973,14.2932508
Pres. Policlinico Casilino - Roma (RM),"(41.8688589, 12.5897567)",41.8688589,12.5897567
Pres. Presidio Ospedaliero Luigi Di Liegro  - Roma (RM),"(41.85396069999999, 12.4230807)",41.85396069999999,12.4230807
Pres. S. Itario - Torino (TO),"(45.0694697, 7.706284699999999)",45.0694697,7.706284699999999
